country,year,basic_pct,safe_pct,quality_gap
Albania,2017,97.72,39.86,57.86
Albania,2016,97.7,39.85,57.85
Albania,2015,97.69,39.84,57.849999999999994
Albania,2014,97.68,39.83,57.85000000000001
Albania,2013,97.31,39.6,57.71
Albania,2012,96.78,39.3,57.480000000000004
Albania,2011,96.18,38.97,57.21000000000001
Albania,2010,95.57,38.64,56.92999999999999
Albania,2009,94.94,38.29,56.65
Albania,2008,94.28,37.94,56.34
Albania,2007,93.6,37.62,55.98
Albania,2006,92.9,37.72,55.18000000000001
Albania,2005,92.18,37.82,54.36000000000001
Albania,2004,91.44,37.93,53.51
Albania,2003,90.68,38.09,52.59
Albania,2002,89.9,38.25,51.650000000000006
Albania,2001,89.1,38.43,50.669999999999995
Albania,2000,88.33,38.61,49.72
Algeria,2017,87.59,17.69,69.9
Algeria,2016,87.54,17.71,69.83000000000001
Algeria,2015,87.5,17.74,69.76
Algeria,2014,87.33,17.81,69.52
Algeria,2013,87.16,17.88,69.28
Algeria,2012,86.97,17.94,69.03
Algeria,2011,86.77,18.01,68.75999999999999
Algeria,2010,86.56,18.07,68.49000000000001
Algeria,2009,86.34,18.13,68.21000000000001
Algeria,2008,86.1,18.19,67.91
Algeria,2007,85.85,18.24,67.61
Algeria,2006,85.58,18.29,67.28999999999999
Algeria,2005,85.31,18.34,66.97
Algeria,2004,85.02,18.38,66.64
Algeria,2003,84.72,18.43,66.28999999999999
Algeria,2002,84.4,18.47,65.93
Algeria,2001,84.07,18.5,65.57
Algeria,2000,83.73,18.53,65.2
Andorra,2017,100.0,100.0,0.0
Andorra,2016,100.0,100.0,0.0
Andorra,2015,100.0,100.0,0.0
Andorra,2014,100.0,100.0,0.0
Andorra,2013,100.0,100.0,0.0
Andorra,2012,100.0,100.0,0.0
Andorra,2011,100.0,93.63,6.3700000000000045
Andorra,2010,100.0,86.45,13.549999999999997
Andorra,2009,100.0,79.27,20.730000000000004
Andorra,2008,100.0,72.08,27.92
Andorra,2007,100.0,64.9,35.099999999999994
Andorra,2006,100.0,57.71,42.29
Andorra,2005,100.0,50.53,49.47
Andorra,2004,100.0,43.34,56.66
Andorra,2003,100.0,36.16,63.84
Andorra,2002,100.0,28.97,71.03
Andorra,2001,100.0,21.79,78.21000000000001
Andorra,2000,100.0,14.6,85.4
Armenia,2017,93.64,48.22,45.42
Armenia,2016,93.41,48.3,45.11
Armenia,2015,93.06,48.32,44.74
Armenia,2014,92.63,48.28,44.349999999999994
Armenia,2013,92.21,48.25,43.959999999999994
Armenia,2012,91.79,48.21,43.580000000000005
Armenia,2011,91.38,48.17,43.209999999999994
Armenia,2010,90.96,48.14,42.81999999999999
Armenia,2009,90.55,48.1,42.449999999999996
Armenia,2008,90.14,48.05,42.09
Armenia,2007,89.73,48.01,41.720000000000006
Armenia,2006,89.32,47.97,41.349999999999994
Armenia,2005,88.91,47.9,41.01
Armenia,2004,88.5,47.8,40.7
Armenia,2003,88.09,47.69,40.400000000000006
Armenia,2002,87.68,47.59,40.09
Armenia,2001,87.28,47.48,39.800000000000004
Armenia,2000,86.9,47.37,39.53000000000001
Australia,2017,99.99,75.64,24.349999999999994
Australia,2016,99.99,74.76,25.22999999999999
Australia,2015,99.99,73.88,26.11
Australia,2014,99.99,73.0,26.989999999999995
Australia,2013,99.99,72.12,27.86999999999999
Australia,2012,99.99,71.24,28.75
Australia,2011,99.99,70.37,29.61999999999999
Australia,2010,99.99,69.49,30.5
Australia,2009,99.99,68.61,31.379999999999995
Australia,2008,99.99,67.73,32.25999999999999
Australia,2007,99.99,66.85,33.14
Australia,2006,99.99,65.97,34.019999999999996
Australia,2005,99.99,65.09,34.89999999999999
Australia,2004,99.99,64.21,35.78
Australia,2003,99.99,64.21,35.78
Australia,2002,99.99,64.21,35.78
Australia,2001,99.99,64.21,35.78
Australia,2000,99.99,64.21,35.78
Austria,2017,99.97,96.75,3.219999999999999
Austria,2016,99.97,96.73,3.239999999999995
Austria,2015,99.98,96.72,3.260000000000005
Austria,2014,99.98,96.71,3.2700000000000102
Austria,2013,99.98,96.7,3.280000000000001
Austria,2012,99.98,96.68,3.299999999999997
Austria,2011,99.98,96.68,3.299999999999997
Austria,2010,99.99,96.71,3.280000000000001
Austria,2009,99.99,96.73,3.259999999999991
Austria,2008,99.99,96.75,3.239999999999995
Austria,2007,99.99,96.78,3.2099999999999937
Austria,2006,99.99,96.8,3.1899999999999977
Austria,2005,99.99,96.82,3.1700000000000017
Austria,2004,100.0,96.85,3.1500000000000057
Austria,2003,100.0,96.87,3.1299999999999955
Austria,2002,100.0,96.89,3.1099999999999994
Austria,2001,100.0,96.92,3.0799999999999983
Austria,2000,100.0,96.94,3.0600000000000023
Bahrain,2017,100.0,96.0,4.0
Bahrain,2016,100.0,96.0,4.0
Bahrain,2015,100.0,96.0,4.0
Bahrain,2014,100.0,96.0,4.0
Bahrain,2013,100.0,96.0,4.0
Bahrain,2012,100.0,96.0,4.0
Bahrain,2011,100.0,96.0,4.0
Bahrain,2010,99.99,95.99,4.0
Bahrain,2009,99.98,95.98,4.0
Bahrain,2008,99.96,95.96,4.0
Bahrain,2007,99.95,95.95,4.0
Bahrain,2006,99.94,95.94,4.0
Bahrain,2005,99.92,95.92,4.0
Bahrain,2004,99.91,95.91,4.0
Bahrain,2003,99.89,95.89,4.0
Bahrain,2002,99.88,95.88,4.0
Bahrain,2001,99.87,95.87,4.0
Bahrain,2000,99.85,95.85,4.0
Belarus,2017,97.79,80.52,17.27000000000001
Belarus,2016,97.78,80.39,17.39
Belarus,2015,97.76,81.51,16.25
Belarus,2014,97.75,82.62,15.129999999999995
Belarus,2013,97.16,83.37,13.789999999999992
Belarus,2012,96.57,84.11,12.459999999999994
Belarus,2011,95.99,84.83,11.159999999999997
Belarus,2010,95.41,85.53,9.879999999999995
Belarus,2009,94.84,86.22,8.620000000000005
Belarus,2008,94.28,86.9,7.3799999999999955
Belarus,2007,93.73,87.55,6.180000000000007
Belarus,2006,93.18,88.19,4.990000000000009
Belarus,2005,92.64,88.81,3.8299999999999983
Belarus,2004,92.11,89.42,2.6899999999999977
Belarus,2003,91.58,90.01,1.5699999999999932
Belarus,2002,91.61,90.04,1.5699999999999932
Belarus,2001,91.64,90.07,1.5700000000000074
Belarus,2000,91.67,90.09,1.5799999999999983
Belgium,2017,99.49,97.1,2.3900000000000006
Belgium,2016,99.49,97.1,2.3900000000000006
Belgium,2015,99.49,97.1,2.3900000000000006
Belgium,2014,99.49,94.83,4.659999999999997
Belgium,2013,99.49,92.55,6.939999999999998
Belgium,2012,99.49,91.61,7.8799999999999955
Belgium,2011,99.49,90.94,8.549999999999997
Belgium,2010,99.49,90.27,9.219999999999999
Belgium,2009,99.49,89.6,9.89
Belgium,2008,99.49,88.93,10.559999999999988
Belgium,2007,99.49,88.26,11.22999999999999
Belgium,2006,99.49,87.59,11.899999999999991
Belgium,2005,99.49,86.92,12.569999999999993
Belgium,2004,99.48,86.25,13.230000000000004
Belgium,2003,99.48,85.58,13.900000000000006
Belgium,2002,99.48,85.57,13.91000000000001
Belgium,2001,99.48,85.57,13.91000000000001
Belgium,2000,99.48,85.57,13.91000000000001
Bolivia (Plurinational State of),2017,60.72,22.94,37.78
Bolivia (Plurinational State of),2016,58.8,22.22,36.58
Bolivia (Plurinational State of),2015,56.91,21.51,35.39999999999999
Bolivia (Plurinational State of),2014,55.05,20.81,34.239999999999995
Bolivia (Plurinational State of),2013,53.21,20.12,33.09
Bolivia (Plurinational State of),2012,51.39,19.44,31.95
Bolivia (Plurinational State of),2011,49.58,18.76,30.819999999999997
Bolivia (Plurinational State of),2010,47.8,18.09,29.709999999999997
Bolivia (Plurinational State of),2009,46.04,17.43,28.61
Bolivia (Plurinational State of),2008,44.32,16.78,27.54
Bolivia (Plurinational State of),2007,42.62,16.13,26.49
Bolivia (Plurinational State of),2006,40.94,15.5,25.439999999999998
Bolivia (Plurinational State of),2005,39.88,15.09,24.790000000000003
Bolivia (Plurinational State of),2004,38.82,14.68,24.14
Bolivia (Plurinational State of),2003,37.75,14.27,23.48
Bolivia (Plurinational State of),2002,36.68,13.86,22.82
Bolivia (Plurinational State of),2001,35.61,13.44,22.17
Bolivia (Plurinational State of),2000,34.51,13.02,21.49
Bosnia and Herzegovina,2017,95.36,21.55,73.81
Bosnia and Herzegovina,2016,95.34,21.24,74.10000000000001
Bosnia and Herzegovina,2015,95.31,20.92,74.39
Bosnia and Herzegovina,2014,95.29,20.59,74.7
Bosnia and Herzegovina,2013,95.27,20.39,74.88
Bosnia and Herzegovina,2012,95.25,20.22,75.03
Bosnia and Herzegovina,2011,95.24,20.07,75.16999999999999
Bosnia and Herzegovina,2010,95.22,19.91,75.31
Bosnia and Herzegovina,2009,95.2,19.76,75.44
Bosnia and Herzegovina,2008,95.18,19.6,75.58000000000001
Bosnia and Herzegovina,2007,95.17,19.45,75.72
Bosnia and Herzegovina,2006,95.15,19.29,75.86000000000001
Bosnia and Herzegovina,2005,95.14,19.13,76.01
Bosnia and Herzegovina,2004,95.12,18.98,76.14
Bosnia and Herzegovina,2003,95.11,18.82,76.28999999999999
Bosnia and Herzegovina,2002,95.1,18.66,76.44
Bosnia and Herzegovina,2001,95.09,18.54,76.55000000000001
Bosnia and Herzegovina,2000,95.08,18.76,76.32
Brazil,2017,88.29,49.28,39.010000000000005
Brazil,2016,87.43,47.04,40.39000000000001
Brazil,2015,86.55,44.86,41.69
Brazil,2014,85.68,42.74,42.940000000000005
Brazil,2013,84.79,40.68,44.11000000000001
Brazil,2012,83.91,38.68,45.23
Brazil,2011,83.01,36.73,46.28000000000001
Brazil,2010,82.12,34.85,47.27
Brazil,2009,81.22,33.02,48.199999999999996
Brazil,2008,80.31,31.25,49.06
Brazil,2007,79.4,29.54,49.86000000000001
Brazil,2006,78.49,27.88,50.61
Brazil,2005,77.57,27.68,49.88999999999999
Brazil,2004,76.64,27.47,49.17
Brazil,2003,75.71,27.26,48.44999999999999
Brazil,2002,74.77,27.04,47.73
Brazil,2001,73.83,26.83,47.0
Brazil,2000,72.86,26.6,46.26
Bulgaria,2017,86.0,64.41,21.590000000000003
Bulgaria,2016,85.99,62.45,23.539999999999992
Bulgaria,2015,85.98,60.51,25.470000000000006
Bulgaria,2014,85.97,58.6,27.369999999999997
Bulgaria,2013,85.96,56.7,29.25999999999999
Bulgaria,2012,85.95,54.84,31.11
Bulgaria,2011,85.94,52.99,32.949999999999996
Bulgaria,2010,85.93,51.17,34.760000000000005
Bulgaria,2009,85.92,49.37,36.550000000000004
Bulgaria,2008,85.91,47.59,38.31999999999999
Bulgaria,2007,85.9,47.59,38.31
Bulgaria,2006,85.89,47.58,38.31
Bulgaria,2005,85.88,47.57,38.309999999999995
Bulgaria,2004,85.87,47.65,38.220000000000006
Bulgaria,2003,85.86,47.76,38.1
Bulgaria,2002,85.85,47.87,37.98
Bulgaria,2001,85.84,47.99,37.85
Bulgaria,2000,85.83,48.09,37.739999999999995
Canada,2017,99.29,82.32,16.970000000000013
Canada,2016,99.32,82.36,16.959999999999994
Canada,2015,99.36,82.41,16.950000000000003
Canada,2014,99.4,82.46,16.940000000000012
Canada,2013,99.44,82.51,16.929999999999993
Canada,2012,99.48,82.55,16.930000000000007
Canada,2011,99.52,82.6,16.92
Canada,2010,99.56,81.97,17.590000000000003
Canada,2009,99.59,81.34,18.25
Canada,2008,99.63,80.7,18.929999999999993
Canada,2007,99.67,80.07,19.60000000000001
Canada,2006,99.71,79.44,20.269999999999996
Canada,2005,99.75,78.8,20.950000000000003
Canada,2004,99.78,78.16,21.620000000000005
Canada,2003,99.78,77.48,22.299999999999997
Canada,2002,99.78,76.8,22.980000000000004
Canada,2001,99.78,76.8,22.980000000000004
Canada,2000,99.78,76.8,22.980000000000004
Chile,2017,100.0,77.46,22.540000000000006
Chile,2016,100.0,75.63,24.370000000000005
Chile,2015,99.63,73.59,26.039999999999992
Chile,2014,99.25,71.55,27.700000000000003
Chile,2013,98.8,69.46,29.340000000000003
Chile,2012,98.3,67.36,30.939999999999998
Chile,2011,97.81,65.27,32.540000000000006
Chile,2010,97.31,63.2,34.11
Chile,2009,96.8,61.15,35.65
Chile,2008,96.3,59.11,37.19
Chile,2007,95.79,57.09,38.7
Chile,2006,95.28,55.08,40.2
Chile,2005,94.77,53.09,41.67999999999999
Chile,2004,94.26,51.12,43.14000000000001
Chile,2003,93.75,49.17,44.58
Chile,2002,93.23,48.96,44.27
Chile,2001,92.66,48.73,43.93
Chile,2000,92.07,48.5,43.56999999999999
China,2017,84.76,72.08,12.680000000000007
China,2016,83.24,68.25,14.989999999999995
China,2015,81.68,64.51,17.17
China,2014,80.08,60.87,19.21
China,2013,78.46,57.34,21.11999999999999
China,2012,76.8,53.93,22.869999999999997
China,2011,75.19,50.69,24.5
China,2010,73.55,47.56,25.989999999999995
China,2009,71.86,44.55,27.310000000000002
China,2008,70.12,41.67,28.450000000000003
China,2007,68.36,38.93,29.43
China,2006,66.55,36.33,30.22
China,2005,64.71,33.89,30.819999999999993
China,2004,62.81,31.6,31.21
China,2003,60.88,29.48,31.400000000000002
China,2002,58.91,27.53,31.379999999999995
China,2001,56.9,26.8,30.099999999999998
China,2000,56.29,26.56,29.73
Colombia,2017,89.63,16.99,72.64
Colombia,2016,88.59,16.79,71.80000000000001
Colombia,2015,87.55,16.59,70.96
Colombia,2014,86.5,16.4,70.1
Colombia,2013,85.46,16.2,69.25999999999999
Colombia,2012,84.41,16.0,68.41
Colombia,2011,83.35,15.79,67.56
Colombia,2010,82.3,15.59,66.71
Colombia,2009,81.24,15.39,65.85
Colombia,2008,80.18,15.18,65.0
Colombia,2007,79.11,14.97,64.14
Colombia,2006,78.04,14.76,63.28000000000001
Colombia,2005,76.97,14.55,62.42
Colombia,2004,75.9,14.34,61.56
Colombia,2003,74.82,14.12,60.699999999999996
Colombia,2002,73.74,13.91,59.83
Colombia,2001,72.65,13.69,58.96000000000001
Colombia,2000,71.57,13.47,58.099999999999994
Croatia,2017,96.54,58.5,38.040000000000006
Croatia,2016,96.51,58.45,38.06
Croatia,2015,96.49,58.4,38.089999999999996
Croatia,2014,96.46,58.35,38.10999999999999
Croatia,2013,96.44,58.31,38.129999999999995
Croatia,2012,96.41,58.27,38.13999999999999
Croatia,2011,96.39,58.23,38.160000000000004
Croatia,2010,96.37,58.19,38.18000000000001
Croatia,2009,96.34,58.15,38.190000000000005
Croatia,2008,96.32,58.12,38.199999999999996
Croatia,2007,96.3,58.08,38.22
Croatia,2006,96.28,58.04,38.24
Croatia,2005,96.25,58.0,38.25
Croatia,2004,96.23,57.97,38.260000000000005
Croatia,2003,96.21,57.93,38.279999999999994
Croatia,2002,96.18,57.89,38.290000000000006
Croatia,2001,96.16,57.86,38.3
Croatia,2000,96.16,57.83,38.33
Cuba,2017,92.81,44.34,48.47
Cuba,2016,92.81,43.56,49.25
Cuba,2015,92.43,42.69,49.74000000000001
Cuba,2014,91.98,41.8,50.18000000000001
Cuba,2013,91.54,40.93,50.61000000000001
Cuba,2012,91.09,40.07,51.02
Cuba,2011,90.64,39.23,51.410000000000004
Cuba,2010,90.2,38.41,51.790000000000006
Cuba,2009,89.75,37.6,52.15
Cuba,2008,89.3,36.81,52.489999999999995
Cuba,2007,88.86,36.03,52.83
Cuba,2006,88.41,35.26,53.15
Cuba,2005,87.97,34.52,53.449999999999996
Cuba,2004,87.52,33.78,53.739999999999995
Cuba,2003,87.41,33.73,53.68
Cuba,2002,87.3,33.68,53.62
Cuba,2001,87.16,33.63,53.529999999999994
Cuba,2000,87.03,33.58,53.45
Cyprus,2017,99.15,75.46,23.690000000000012
Cyprus,2016,99.2,75.5,23.700000000000003
Cyprus,2015,99.26,75.55,23.710000000000008
Cyprus,2014,99.31,75.6,23.710000000000008
Cyprus,2013,99.36,75.66,23.700000000000003
Cyprus,2012,99.41,75.73,23.679999999999993
Cyprus,2011,99.46,75.8,23.659999999999997
Cyprus,2010,99.51,75.87,23.64
Cyprus,2009,99.57,75.95,23.61999999999999
Cyprus,2008,99.62,76.02,23.60000000000001
Cyprus,2007,99.67,76.09,23.58
Cyprus,2006,99.72,76.16,23.560000000000002
Cyprus,2005,99.77,76.23,23.539999999999992
Cyprus,2004,99.82,76.3,23.519999999999996
Cyprus,2003,99.84,76.36,23.480000000000004
Cyprus,2002,99.85,76.41,23.439999999999998
Cyprus,2001,99.85,76.43,23.419999999999987
Cyprus,2000,99.85,76.39,23.459999999999994
Czechia,2017,99.13,94.46,4.670000000000002
Czechia,2016,99.13,94.31,4.819999999999993
Czechia,2015,99.14,93.47,5.670000000000002
Czechia,2014,99.14,92.63,6.510000000000005
Czechia,2013,99.14,91.78,7.359999999999999
Czechia,2012,99.14,90.94,8.200000000000003
Czechia,2011,99.14,90.11,9.030000000000001
Czechia,2010,99.14,89.29,9.849999999999994
Czechia,2009,99.14,88.46,10.680000000000007
Czechia,2008,99.14,87.64,11.5
Czechia,2007,99.14,86.81,12.329999999999998
Czechia,2006,99.14,85.99,13.150000000000006
Czechia,2005,99.14,85.17,13.969999999999999
Czechia,2004,99.14,84.34,14.799999999999997
Czechia,2003,99.14,83.52,15.620000000000005
Czechia,2002,99.14,83.52,15.620000000000005
Czechia,2001,99.14,83.53,15.61
Czechia,2000,99.14,83.54,15.599999999999994
Denmark,2017,99.6,94.84,4.759999999999991
Denmark,2016,99.6,94.84,4.759999999999991
Denmark,2015,99.6,94.54,5.059999999999988
Denmark,2014,99.6,94.24,5.359999999999999
Denmark,2013,99.6,93.94,5.659999999999997
Denmark,2012,99.6,93.64,5.959999999999994
Denmark,2011,99.6,93.34,6.259999999999991
Denmark,2010,99.6,93.04,6.559999999999988
Denmark,2009,99.6,92.74,6.859999999999999
Denmark,2008,99.6,92.45,7.1499999999999915
Denmark,2007,99.6,92.15,7.449999999999989
Denmark,2006,99.6,92.15,7.449999999999989
Denmark,2005,99.6,92.15,7.449999999999989
Denmark,2004,99.6,92.15,7.449999999999989
Denmark,2003,99.6,92.15,7.449999999999989
Denmark,2002,99.6,92.15,7.449999999999989
Denmark,2001,99.6,92.15,7.449999999999989
Denmark,2000,99.6,92.15,7.449999999999989
Djibouti,2017,63.61,36.44,27.17
Djibouti,2016,62.35,35.64,26.71
Djibouti,2015,61.09,34.84,26.25
Djibouti,2014,59.84,34.03,25.810000000000002
Djibouti,2013,58.59,33.23,25.360000000000007
Djibouti,2012,57.33,32.43,24.9
Djibouti,2011,56.09,31.62,24.470000000000002
Djibouti,2010,54.84,30.82,24.020000000000003
Djibouti,2009,53.59,30.02,23.570000000000004
Djibouti,2008,52.35,29.21,23.14
Djibouti,2007,51.1,28.4,22.700000000000003
Djibouti,2006,49.84,27.59,22.250000000000004
Djibouti,2005,48.59,26.78,21.810000000000002
Djibouti,2004,47.33,25.97,21.36
Djibouti,2003,47.31,25.96,21.35
Djibouti,2002,47.29,25.95,21.34
Djibouti,2001,47.26,25.94,21.319999999999997
Djibouti,2000,47.24,25.93,21.310000000000002
Ecuador,2017,87.99,42.01,45.98
Ecuador,2016,87.18,42.18,45.00000000000001
Ecuador,2015,86.1,42.18,43.919999999999995
Ecuador,2014,85.0,42.14,42.86
Ecuador,2013,83.89,42.1,41.79
Ecuador,2012,82.78,42.06,40.72
Ecuador,2011,81.67,42.0,39.67
Ecuador,2010,80.56,41.95,38.61
Ecuador,2009,79.43,41.9,37.53000000000001
Ecuador,2008,78.31,41.83,36.480000000000004
Ecuador,2007,77.18,41.76,35.42000000000001
Ecuador,2006,76.05,41.69,34.36
Ecuador,2005,74.91,41.61,33.3
Ecuador,2004,73.77,41.52,32.24999999999999
Ecuador,2003,72.78,41.49,31.29
Ecuador,2002,71.79,41.45,30.340000000000003
Ecuador,2001,70.76,41.42,29.340000000000003
Ecuador,2000,69.67,41.38,28.29
Egypt,2017,94.19,60.74,33.449999999999996
Egypt,2016,94.08,60.16,33.92
Egypt,2015,93.97,59.59,34.379999999999995
Egypt,2014,93.85,59.02,34.82999999999999
Egypt,2013,93.74,58.55,35.19
Egypt,2012,93.63,58.08,35.55
Egypt,2011,93.51,57.61,35.900000000000006
Egypt,2010,93.4,57.13,36.27
Egypt,2009,93.28,56.66,36.620000000000005
Egypt,2008,93.17,56.18,36.99
Egypt,2007,93.05,55.7,37.349999999999994
Egypt,2006,92.93,55.23,37.70000000000001
Egypt,2005,92.81,54.74,38.07
Egypt,2004,92.7,54.25,38.45
Egypt,2003,92.58,53.77,38.809999999999995
Egypt,2002,92.46,53.94,38.519999999999996
Egypt,2001,92.34,54.1,38.24
Egypt,2000,92.22,54.27,37.949999999999996
Estonia,2017,99.15,97.36,1.7900000000000063
Estonia,2016,99.14,97.35,1.7900000000000063
Estonia,2015,99.13,97.11,2.019999999999996
Estonia,2014,99.13,96.78,2.3499999999999943
Estonia,2013,99.18,96.51,2.6700000000000017
Estonia,2012,99.23,96.36,2.8700000000000045
Estonia,2011,99.28,96.32,2.960000000000008
Estonia,2010,99.33,96.28,3.049999999999997
Estonia,2009,99.39,96.24,3.1500000000000057
Estonia,2008,99.44,96.21,3.230000000000004
Estonia,2007,99.49,96.17,3.319999999999993
Estonia,2006,99.54,96.14,3.4000000000000057
Estonia,2005,99.59,96.11,3.480000000000004
Estonia,2004,99.65,96.07,3.5800000000000125
Estonia,2003,99.7,96.04,3.6599999999999966
Estonia,2002,99.74,96.09,3.6499999999999915
Estonia,2001,99.73,96.09,3.6400000000000006
Estonia,2000,99.72,96.1,3.6200000000000045
Finland,2017,99.45,99.21,0.2400000000000091
Finland,2016,99.45,99.19,0.2600000000000051
Finland,2015,99.45,99.18,0.269999999999996
Finland,2014,99.45,99.17,0.28000000000000114
Finland,2013,99.45,99.16,0.29000000000000625
Finland,2012,99.45,99.14,0.3100000000000023
Finland,2011,99.45,99.13,0.3200000000000074
Finland,2010,99.45,99.12,0.3299999999999983
Finland,2009,99.45,99.11,0.3400000000000034
Finland,2008,99.45,99.1,0.3500000000000085
Finland,2007,99.45,99.09,0.35999999999999943
Finland,2006,99.45,99.08,0.37000000000000455
Finland,2005,99.45,99.07,0.38000000000000966
Finland,2004,99.45,99.06,0.39000000000000057
Finland,2003,99.45,99.05,0.4000000000000057
Finland,2002,99.45,99.04,0.4099999999999966
Finland,2001,99.45,99.02,0.4300000000000068
Finland,2000,99.45,99.01,0.4399999999999977
France,2017,98.65,88.37,10.280000000000001
France,2016,98.65,88.37,10.280000000000001
France,2015,98.65,88.45,10.200000000000003
France,2014,98.65,88.53,10.120000000000005
France,2013,98.65,88.61,10.040000000000006
France,2012,98.65,88.69,9.960000000000008
France,2011,98.65,88.77,9.88000000000001
France,2010,98.66,88.85,9.810000000000002
France,2009,98.66,88.93,9.72999999999999
France,2008,98.66,89.01,9.649999999999991
France,2007,98.66,89.08,9.579999999999998
France,2006,98.66,89.16,9.5
France,2005,98.66,89.24,9.420000000000002
France,2004,98.66,89.32,9.340000000000003
France,2003,98.66,89.4,9.259999999999991
France,2002,98.66,89.48,9.179999999999993
France,2001,98.66,89.47,9.189999999999998
France,2000,98.66,89.46,9.200000000000003
Georgia,2017,90.02,27.17,62.849999999999994
Georgia,2016,90.25,26.8,63.45
Georgia,2015,90.49,26.44,64.05
Georgia,2014,90.73,26.08,64.65
Georgia,2013,90.98,25.72,65.26
Georgia,2012,91.24,25.35,65.88999999999999
Georgia,2011,91.5,24.99,66.51
Georgia,2010,91.76,24.63,67.13000000000001
Georgia,2009,92.04,24.28,67.76
Georgia,2008,92.32,23.92,68.39999999999999
Georgia,2007,92.6,23.56,69.03999999999999
Georgia,2006,92.89,23.21,69.68
Georgia,2005,93.19,22.85,70.34
Georgia,2004,93.49,22.5,70.99
Georgia,2003,93.8,22.14,71.66
Georgia,2002,94.25,22.02,72.23
Georgia,2001,94.71,22.14,72.57
Georgia,2000,95.06,22.11,72.95
Germany,2017,99.23,97.23,2.0
Germany,2016,99.22,97.23,1.9899999999999949
Germany,2015,99.22,97.23,1.9899999999999949
Germany,2014,99.22,97.09,2.1299999999999955
Germany,2013,99.22,96.96,2.260000000000005
Germany,2012,99.22,96.82,2.4000000000000057
Germany,2011,99.22,96.69,2.530000000000001
Germany,2010,99.22,96.54,2.6799999999999926
Germany,2009,99.22,96.39,2.8299999999999983
Germany,2008,99.22,96.25,2.969999999999999
Germany,2007,99.22,96.1,3.1200000000000045
Germany,2006,99.22,95.95,3.269999999999996
Germany,2005,99.22,95.8,3.4200000000000017
Germany,2004,99.22,95.65,3.569999999999993
Germany,2003,99.22,95.51,3.7099999999999937
Germany,2002,99.22,95.49,3.730000000000004
Germany,2001,99.22,95.48,3.739999999999995
Germany,2000,99.22,95.46,3.760000000000005
Greece,2017,98.98,90.39,8.590000000000003
Greece,2016,98.98,89.49,9.490000000000009
Greece,2015,98.98,88.59,10.39
Greece,2014,98.97,87.69,11.280000000000001
Greece,2013,98.65,86.63,12.02000000000001
Greece,2012,98.59,85.7,12.89
Greece,2011,98.51,84.76,13.75
Greece,2010,98.44,83.97,14.469999999999999
Greece,2009,98.37,83.19,15.180000000000007
Greece,2008,98.29,82.41,15.88000000000001
Greece,2007,98.21,81.63,16.58
Greece,2006,98.1,80.85,17.25
Greece,2005,97.81,79.89,17.92
Greece,2004,97.76,79.18,18.58
Greece,2003,97.7,78.46,19.24000000000001
Greece,2002,97.59,77.71,19.88000000000001
Greece,2001,97.46,76.93,20.529999999999987
Greece,2000,97.33,76.21,21.120000000000005
Hungary,2017,97.99,95.68,2.309999999999988
Hungary,2016,97.99,95.72,2.269999999999996
Hungary,2015,98.0,95.76,2.239999999999995
Hungary,2014,98.0,95.81,2.1899999999999977
Hungary,2013,98.0,95.85,2.1500000000000057
Hungary,2012,98.0,95.89,2.1099999999999994
Hungary,2011,98.0,95.94,2.0600000000000023
Hungary,2010,98.01,95.98,2.030000000000001
Hungary,2009,98.01,96.03,1.980000000000004
Hungary,2008,98.02,96.08,1.9399999999999977
Hungary,2007,98.02,96.13,1.8900000000000006
Hungary,2006,98.02,96.18,1.8399999999999892
Hungary,2005,98.03,96.22,1.8100000000000023
Hungary,2004,98.03,96.27,1.7600000000000051
Hungary,2003,98.04,96.31,1.730000000000004
Hungary,2002,98.04,96.36,1.6800000000000068
Hungary,2001,98.04,96.4,1.6400000000000006
Hungary,2000,98.04,96.43,1.6099999999999994
Iceland,2017,98.78,81.76,17.019999999999996
Iceland,2016,98.78,79.43,19.349999999999994
Iceland,2015,98.78,77.1,21.680000000000007
Iceland,2014,98.78,74.79,23.989999999999995
Iceland,2013,98.78,72.49,26.290000000000006
Iceland,2012,98.78,70.26,28.519999999999996
Iceland,2011,98.78,68.06,30.72
Iceland,2010,98.78,65.87,32.91
Iceland,2009,98.79,63.68,35.11000000000001
Iceland,2008,98.79,61.5,37.290000000000006
Iceland,2007,98.79,59.32,39.470000000000006
Iceland,2006,98.79,57.16,41.63000000000001
Iceland,2005,98.79,55.0,43.790000000000006
Iceland,2004,98.79,52.85,45.940000000000005
Iceland,2003,98.79,50.71,48.080000000000005
Iceland,2002,98.8,48.57,50.23
Iceland,2001,98.8,46.44,52.36
Iceland,2000,98.8,44.32,54.48
Iraq,2017,94.12,41.07,53.050000000000004
Iraq,2016,92.43,40.38,52.050000000000004
Iraq,2015,90.74,39.7,51.03999999999999
Iraq,2014,89.07,39.02,50.04999999999999
Iraq,2013,87.4,38.34,49.06
Iraq,2012,85.74,37.67,48.06999999999999
Iraq,2011,84.09,37.0,47.09
Iraq,2010,82.44,36.34,46.099999999999994
Iraq,2009,80.82,35.68,45.13999999999999
Iraq,2008,79.21,35.03,44.17999999999999
Iraq,2007,77.61,34.48,43.13
Iraq,2006,76.02,33.94,42.08
Iraq,2005,74.45,33.4,41.050000000000004
Iraq,2004,72.88,32.85,40.029999999999994
Iraq,2003,72.41,32.56,39.849999999999994
Iraq,2002,71.94,32.26,39.68
Iraq,2001,71.47,31.96,39.51
Iraq,2000,71.0,31.66,39.34
Ireland,2017,91.25,82.41,8.840000000000003
Ireland,2016,91.15,82.3,8.850000000000009
Ireland,2015,91.05,82.18,8.86999999999999
Ireland,2014,90.95,80.46,10.490000000000009
Ireland,2013,90.85,78.35,12.5
Ireland,2012,90.75,76.26,14.489999999999995
Ireland,2011,90.65,74.18,16.47
Ireland,2010,90.55,72.11,18.439999999999998
Ireland,2009,90.44,70.07,20.370000000000005
Ireland,2008,90.34,68.03,22.310000000000002
Ireland,2007,90.24,66.01,24.22999999999999
Ireland,2006,90.14,64.01,26.129999999999995
Ireland,2005,90.04,62.03,28.010000000000005
Ireland,2004,89.94,60.07,29.869999999999997
Ireland,2003,89.84,58.12,31.720000000000006
Ireland,2002,89.74,56.2,33.53999999999999
Ireland,2001,89.64,54.34,35.3
Ireland,2000,89.54,52.5,37.040000000000006
Israel,2017,100.0,93.67,6.329999999999998
Israel,2016,100.0,92.83,7.170000000000002
Israel,2015,100.0,91.99,8.010000000000005
Israel,2014,100.0,91.15,8.849999999999994
Israel,2013,100.0,90.31,9.689999999999998
Israel,2012,100.0,89.47,10.530000000000001
Israel,2011,100.0,88.63,11.370000000000005
Israel,2010,100.0,87.78,12.219999999999999
Israel,2009,100.0,86.94,13.060000000000002
Israel,2008,100.0,86.1,13.900000000000006
Israel,2007,100.0,85.26,14.739999999999995
Israel,2006,100.0,84.42,15.579999999999998
Israel,2005,100.0,83.58,16.42
Israel,2004,100.0,82.74,17.260000000000005
Israel,2003,100.0,81.9,18.099999999999994
Israel,2002,100.0,81.06,18.939999999999998
Israel,2001,100.0,80.22,19.78
Israel,2000,100.0,79.38,20.620000000000005
Italy,2017,98.77,96.21,2.5600000000000023
Italy,2016,98.77,96.2,2.569999999999993
Italy,2015,98.77,96.2,2.569999999999993
Italy,2014,98.77,96.19,2.5799999999999983
Italy,2013,98.77,96.19,2.5799999999999983
Italy,2012,98.77,96.18,2.589999999999989
Italy,2011,98.77,96.18,2.589999999999989
Italy,2010,98.77,96.17,2.5999999999999943
Italy,2009,98.77,96.17,2.5999999999999943
Italy,2008,98.77,96.17,2.5999999999999943
Italy,2007,98.77,96.16,2.6099999999999994
Italy,2006,98.77,96.16,2.6099999999999994
Japan,2017,99.89,98.76,1.1299999999999955
Japan,2016,99.9,98.8,1.1000000000000085
Japan,2015,99.91,98.83,1.0799999999999983
Japan,2014,99.92,98.86,1.0600000000000023
Japan,2013,99.93,98.83,1.1000000000000085
Japan,2012,99.93,98.77,1.1600000000000108
Japan,2011,99.94,98.71,1.230000000000004
Japan,2010,99.95,98.65,1.2999999999999972
Japan,2009,99.96,98.58,1.3799999999999955
Japan,2008,99.96,98.51,1.4499999999999886
Japan,2007,99.97,98.43,1.539999999999992
Japan,2006,99.98,98.35,1.6300000000000097
Japan,2005,99.99,98.21,1.7800000000000011
Japan,2004,99.99,98.06,1.9299999999999926
Japan,2003,100.0,97.9,2.0999999999999943
Japan,2002,100.0,97.74,2.260000000000005
Japan,2001,100.0,97.56,2.4399999999999977
Japan,2000,100.0,97.38,2.6200000000000045
Jordan,2017,97.34,80.55,16.790000000000006
Jordan,2016,97.43,80.48,16.950000000000003
Jordan,2015,97.53,80.4,17.129999999999995
Jordan,2014,97.62,80.32,17.30000000000001
Jordan,2013,97.69,80.03,17.659999999999997
Jordan,2012,97.76,79.72,18.040000000000006
Jordan,2011,97.82,79.38,18.439999999999998
Jordan,2010,97.89,79.0,18.89
Jordan,2009,97.95,78.6,19.35000000000001
Jordan,2008,98.02,78.16,19.86
Jordan,2007,98.09,77.69,20.400000000000006
Jordan,2006,98.15,77.18,20.97
Jordan,2005,98.22,76.63,21.590000000000003
Jordan,2004,98.29,76.18,22.11
Jordan,2003,98.37,76.11,22.260000000000005
Jordan,2002,98.45,76.04,22.409999999999997
Jordan,2001,98.46,75.9,22.559999999999988
Jordan,2000,98.46,75.9,22.559999999999988
Kuwait,2017,100.0,100.0,0.0
Kuwait,2016,100.0,100.0,0.0
Kuwait,2015,100.0,100.0,0.0
Kuwait,2014,100.0,100.0,0.0
Kuwait,2013,100.0,100.0,0.0
Kuwait,2012,100.0,100.0,0.0
Kuwait,2011,100.0,100.0,0.0
Kuwait,2010,100.0,100.0,0.0
Kuwait,2009,100.0,100.0,0.0
Kuwait,2008,100.0,100.0,0.0
Kuwait,2007,100.0,100.0,0.0
Kuwait,2006,100.0,100.0,0.0
Kuwait,2005,100.0,100.0,0.0
Kuwait,2004,100.0,100.0,0.0
Kuwait,2003,100.0,100.0,0.0
Kuwait,2002,100.0,100.0,0.0
Kuwait,2001,100.0,100.0,0.0
Kuwait,2000,100.0,100.0,0.0
Lao People's Democratic Republic,2017,74.46,58.05,16.409999999999997
Lao People's Democratic Republic,2016,71.93,56.15,15.780000000000008
Lao People's Democratic Republic,2015,69.39,54.22,15.170000000000002
Lao People's Democratic Republic,2014,66.83,52.28,14.549999999999997
Lao People's Democratic Republic,2013,64.26,50.31,13.950000000000003
Lao People's Democratic Republic,2012,61.67,48.32,13.350000000000001
Lao People's Democratic Republic,2011,59.07,46.31,12.759999999999998
Lao People's Democratic Republic,2010,56.45,44.28,12.170000000000002
Lao People's Democratic Republic,2009,53.83,42.23,11.600000000000001
Lao People's Democratic Republic,2008,51.18,40.15,11.030000000000001
Lao People's Democratic Republic,2007,48.52,38.06,10.46
Lao People's Democratic Republic,2006,45.85,35.95,9.899999999999999
Lao People's Democratic Republic,2005,43.16,33.81,9.349999999999994
Lao People's Democratic Republic,2004,40.28,31.56,8.720000000000002
Lao People's Democratic Republic,2003,37.31,29.23,8.080000000000002
Lao People's Democratic Republic,2002,34.31,26.87,7.440000000000001
Lao People's Democratic Republic,2001,31.31,24.48,6.829999999999998
Lao People's Democratic Republic,2000,28.3,21.82,6.48
Latvia,2017,92.15,85.82,6.3300000000000125
Latvia,2016,91.78,85.34,6.439999999999998
Latvia,2015,91.42,84.86,6.560000000000002
Latvia,2014,91.05,84.07,6.980000000000004
Latvia,2013,90.88,83.47,7.409999999999997
Latvia,2012,90.7,82.86,7.840000000000003
Latvia,2011,90.52,82.26,8.259999999999991
Latvia,2010,90.33,81.76,8.569999999999993
Latvia,2009,90.15,81.32,8.830000000000013
Latvia,2008,89.97,80.89,9.079999999999998
Latvia,2007,89.81,80.46,9.350000000000009
Latvia,2006,89.64,80.04,9.599999999999994
Latvia,2005,89.46,79.62,9.83999999999999
Latvia,2004,89.26,79.46,9.800000000000011
Latvia,2003,89.05,79.3,9.75
Latvia,2002,88.79,79.09,9.700000000000003
Latvia,2001,88.45,78.8,9.650000000000006
Latvia,2000,88.48,78.83,9.650000000000006
Lebanon,2017,98.48,21.76,76.72
Lebanon,2016,96.92,21.46,75.46000000000001
Lebanon,2015,95.36,21.15,74.21000000000001
Lebanon,2014,93.8,20.84,72.96
Lebanon,2013,92.24,20.53,71.71
Lebanon,2012,90.67,20.22,70.45
Lebanon,2011,89.11,19.91,69.2
Lebanon,2010,87.55,19.61,67.94
Lebanon,2009,85.99,19.3,66.69
Lebanon,2008,84.43,18.99,65.44000000000001
Lebanon,2007,82.87,18.68,64.19
Lebanon,2006,81.31,18.37,62.94
Lebanon,2005,79.74,18.06,61.67999999999999
Lebanon,2004,78.18,17.75,60.43000000000001
Lebanon,2003,76.62,17.44,59.18000000000001
Lebanon,2002,75.06,17.14,57.92
Lebanon,2001,75.06,17.14,57.92
Lebanon,2000,75.06,17.14,57.92
Libya,2017,100.0,26.11,73.89
Libya,2016,100.0,26.11,73.89
Libya,2015,99.86,26.33,73.53
Libya,2014,99.7,26.52,73.18
Libya,2013,99.54,26.72,72.82000000000001
Libya,2012,99.37,26.92,72.45
Libya,2011,99.21,27.12,72.08999999999999
Libya,2010,99.05,27.32,71.72999999999999
Libya,2009,98.88,27.52,71.36
Libya,2008,98.72,27.71,71.00999999999999
Libya,2007,98.56,27.91,70.65
Libya,2006,98.39,28.11,70.28
Libya,2005,98.23,28.31,69.92
Libya,2004,98.07,28.51,69.55999999999999
Libya,2003,97.91,28.71,69.19999999999999
Libya,2002,97.74,28.9,68.84
Libya,2001,97.58,29.1,68.47999999999999
Libya,2000,97.42,29.3,68.12
Lithuania,2017,93.35,91.31,2.039999999999992
Lithuania,2016,92.81,90.78,2.030000000000001
Lithuania,2015,92.27,90.24,2.030000000000001
Lithuania,2014,91.72,89.7,2.019999999999996
Lithuania,2013,91.18,89.17,2.010000000000005
Lithuania,2012,90.63,88.64,1.9899999999999949
Lithuania,2011,90.08,88.1,1.980000000000004
Lithuania,2010,89.55,87.59,1.9599999999999937
Lithuania,2009,89.04,87.1,1.940000000000012
Lithuania,2008,88.51,86.59,1.9200000000000017
Lithuania,2007,87.97,86.07,1.9000000000000057
Lithuania,2006,87.42,85.55,1.8700000000000045
Lithuania,2005,86.88,85.02,1.8599999999999994
Lithuania,2004,86.35,84.51,1.8399999999999892
Lithuania,2003,85.84,84.02,1.8200000000000074
Lithuania,2002,85.33,83.53,1.7999999999999972
Lithuania,2001,84.83,83.05,1.7800000000000011
Lithuania,2000,84.32,82.56,1.759999999999991
Luxembourg,2017,97.6,96.64,0.9599999999999937
Luxembourg,2016,97.61,96.05,1.5600000000000023
Luxembourg,2015,97.61,95.45,2.1599999999999966
Luxembourg,2014,97.62,94.86,2.760000000000005
Luxembourg,2013,97.62,94.27,3.3500000000000085
Luxembourg,2012,97.63,93.68,3.9499999999999886
Luxembourg,2011,97.63,93.08,4.549999999999997
Luxembourg,2010,97.64,92.49,5.150000000000006
Luxembourg,2009,97.65,91.89,5.760000000000005
Luxembourg,2008,97.65,91.3,6.3500000000000085
Luxembourg,2007,97.66,91.27,6.390000000000001
Luxembourg,2006,97.67,91.24,6.430000000000007
Luxembourg,2005,97.67,91.21,6.460000000000008
Luxembourg,2004,97.68,91.18,6.5
Luxembourg,2003,97.69,91.15,6.539999999999992
Luxembourg,2002,97.7,91.12,6.579999999999998
Luxembourg,2001,97.7,91.09,6.609999999999999
Luxembourg,2000,97.71,91.04,6.6699999999999875
Malaysia,2017,99.57,88.63,10.939999999999998
Malaysia,2016,99.56,87.24,12.320000000000007
Malaysia,2015,99.56,85.87,13.689999999999998
Malaysia,2014,99.55,85.04,14.509999999999991
Malaysia,2013,99.38,84.14,15.239999999999995
Malaysia,2012,99.2,83.25,15.950000000000003
Malaysia,2011,99.02,82.38,16.64
Malaysia,2010,98.84,81.52,17.320000000000007
Malaysia,2009,98.66,80.67,17.989999999999995
Malaysia,2008,98.47,79.91,18.560000000000002
Malaysia,2007,98.27,79.15,19.11999999999999
Malaysia,2006,98.07,78.97,19.099999999999994
Malaysia,2005,97.87,78.77,19.10000000000001
Malaysia,2004,97.67,78.58,19.090000000000003
Malaysia,2003,97.46,78.38,19.08
Malaysia,2002,97.24,78.17,19.069999999999993
Malaysia,2001,97.02,77.97,19.049999999999997
Malaysia,2000,96.8,77.75,19.049999999999997
Mali,2017,39.34,18.71,20.630000000000003
Mali,2016,37.75,18.02,19.73
Mali,2015,36.18,17.34,18.84
Mali,2014,34.65,16.62,18.029999999999998
Mali,2013,33.13,15.91,17.220000000000002
Mali,2012,31.64,15.21,16.43
Mali,2011,30.19,14.51,15.680000000000001
Mali,2010,28.75,13.82,14.93
Mali,2009,27.35,13.13,14.22
Mali,2008,25.98,12.45,13.530000000000001
Mali,2007,24.64,11.77,12.870000000000001
Mali,2006,23.33,11.1,12.229999999999999
Mali,2005,22.05,10.44,11.610000000000001
Mali,2004,20.81,9.79,11.02
Mali,2003,19.6,9.15,10.450000000000001
Mali,2002,18.43,8.53,9.9
Mali,2001,17.29,7.93,9.36
Mali,2000,16.19,7.33,8.860000000000001
Malta,2017,99.96,92.98,6.97999999999999
Malta,2016,99.96,92.99,6.969999999999999
Malta,2015,99.96,92.99,6.969999999999999
Malta,2014,99.96,92.99,6.969999999999999
Malta,2013,99.97,92.99,6.980000000000004
Malta,2012,99.97,93.0,6.969999999999999
Malta,2011,99.97,93.0,6.969999999999999
Malta,2010,99.98,93.0,6.980000000000004
Malta,2009,99.98,93.01,6.969999999999999
Malta,2008,99.98,93.01,6.969999999999999
Malta,2007,99.98,93.01,6.969999999999999
Malta,2006,99.99,93.01,6.97999999999999
Malta,2005,99.99,93.02,6.969999999999999
Malta,2004,99.99,93.02,6.969999999999999
Malta,2003,100.0,93.02,6.980000000000004
Malta,2002,100.0,93.02,6.980000000000004
Malta,2001,100.0,93.03,6.969999999999999
Malta,2000,100.0,93.03,6.969999999999999
Mexico,2017,91.18,50.41,40.77000000000001
Mexico,2016,90.3,47.96,42.339999999999996
Mexico,2015,89.42,45.55,43.870000000000005
Mexico,2014,88.52,43.18,45.339999999999996
Mexico,2013,87.62,40.86,46.760000000000005
Mexico,2012,86.72,38.57,48.15
Mexico,2011,85.8,36.33,49.47
Mexico,2010,84.88,34.14,50.739999999999995
Mexico,2009,83.95,31.98,51.97
Mexico,2008,83.02,29.87,53.14999999999999
Mexico,2007,82.07,27.8,54.269999999999996
Mexico,2006,81.12,25.77,55.35000000000001
Mexico,2005,80.15,23.78,56.370000000000005
Mexico,2004,79.18,21.84,57.34
Mexico,2003,78.2,19.94,58.260000000000005
Mexico,2002,77.21,18.08,59.129999999999995
Mexico,2001,76.21,17.91,58.3
Mexico,2000,75.2,17.73,57.47
Monaco,2017,100.0,100.0,0.0
Monaco,2016,100.0,100.0,0.0
Monaco,2015,100.0,100.0,0.0
Monaco,2014,100.0,100.0,0.0
Monaco,2013,100.0,100.0,0.0
Monaco,2012,100.0,100.0,0.0
Monaco,2011,100.0,100.0,0.0
Monaco,2010,100.0,100.0,0.0
Monaco,2009,100.0,100.0,0.0
Monaco,2008,100.0,100.0,0.0
Monaco,2007,100.0,100.0,0.0
Monaco,2006,100.0,100.0,0.0
Monaco,2005,100.0,100.0,0.0
Monaco,2004,100.0,100.0,0.0
Monaco,2003,100.0,100.0,0.0
Monaco,2002,100.0,100.0,0.0
Monaco,2001,100.0,100.0,0.0
Monaco,2000,100.0,100.0,0.0
Morocco,2017,88.5,38.75,49.75
Morocco,2016,88.42,38.73,49.690000000000005
Morocco,2015,87.54,38.57,48.970000000000006
Morocco,2014,86.65,38.41,48.24000000000001
Morocco,2013,85.74,38.24,47.49999999999999
Morocco,2012,84.2,37.79,46.410000000000004
Morocco,2011,82.65,37.34,45.31
Morocco,2010,81.1,36.89,44.209999999999994
Morocco,2009,79.54,36.44,43.10000000000001
Morocco,2008,77.98,35.98,42.00000000000001
Morocco,2007,76.41,35.52,40.88999999999999
Morocco,2006,74.84,35.06,39.78
Morocco,2005,73.27,34.59,38.67999999999999
Morocco,2004,71.7,34.13,37.57
Morocco,2003,70.05,33.58,36.47
Morocco,2002,68.42,33.03,35.39
Morocco,2001,66.79,32.49,34.300000000000004
Morocco,2000,65.71,32.21,33.49999999999999
Netherlands,2017,97.71,97.47,0.23999999999999488
Netherlands,2016,97.72,97.47,0.25
Netherlands,2015,97.74,97.47,0.269999999999996
Netherlands,2014,97.75,97.47,0.28000000000000114
Netherlands,2013,97.76,97.47,0.29000000000000625
Netherlands,2012,97.77,97.47,0.29999999999999716
Netherlands,2011,97.79,97.46,0.3300000000000125
Netherlands,2010,97.81,97.46,0.3500000000000085
Netherlands,2009,97.83,97.46,0.37000000000000455
Netherlands,2008,97.85,97.46,0.39000000000000057
Netherlands,2007,97.87,97.46,0.4100000000000108
Netherlands,2006,97.89,97.46,0.4300000000000068
Netherlands,2005,97.92,97.46,0.46000000000000796
Netherlands,2004,97.94,97.45,0.4899999999999949
Netherlands,2003,97.97,97.45,0.519999999999996
Netherlands,2002,98.0,97.45,0.5499999999999972
Netherlands,2001,98.03,97.45,0.5799999999999983
Netherlands,2000,98.06,97.45,0.6099999999999994
New Zealand,2017,100.0,88.68,11.319999999999993
New Zealand,2016,100.0,88.08,11.920000000000002
New Zealand,2015,100.0,87.47,12.530000000000001
New Zealand,2014,100.0,86.87,13.129999999999995
New Zealand,2013,100.0,86.28,13.719999999999999
New Zealand,2012,100.0,85.68,14.319999999999993
New Zealand,2011,100.0,85.08,14.920000000000002
New Zealand,2010,100.0,84.49,15.510000000000005
New Zealand,2009,100.0,83.89,16.11
New Zealand,2008,100.0,83.3,16.700000000000003
New Zealand,2007,100.0,82.71,17.290000000000006
New Zealand,2006,100.0,82.12,17.879999999999995
New Zealand,2005,100.0,81.53,18.47
New Zealand,2004,100.0,80.95,19.049999999999997
New Zealand,2003,100.0,80.36,19.64
New Zealand,2002,100.0,79.78,20.22
New Zealand,2001,100.0,79.19,20.810000000000002
New Zealand,2000,100.0,78.61,21.39
Niger,2017,13.57,9.6,3.9700000000000006
Niger,2016,13.16,9.32,3.84
Niger,2015,12.75,9.04,3.710000000000001
Niger,2014,12.33,8.74,3.59
Niger,2013,11.91,8.43,3.4800000000000004
Niger,2012,11.47,8.12,3.3500000000000014
Niger,2011,11.02,7.79,3.2299999999999995
Niger,2010,10.56,7.45,3.1100000000000003
Niger,2009,10.09,7.11,2.9799999999999995
Niger,2008,9.6,6.75,2.8499999999999996
Niger,2007,9.1,6.37,2.7299999999999995
Niger,2006,8.58,5.99,2.59
Niger,2005,8.06,5.6,2.460000000000001
Niger,2004,7.51,5.19,2.3199999999999994
Niger,2003,6.91,4.73,2.1799999999999997
Niger,2002,6.3,4.21,2.09
Niger,2001,5.7,3.69,2.0100000000000002
Niger,2000,5.07,3.16,1.9100000000000001
Nigeria,2017,39.17,26.65,12.520000000000003
Nigeria,2016,38.41,26.54,11.869999999999997
Nigeria,2015,37.68,26.42,11.259999999999998
Nigeria,2014,36.96,26.3,10.66
Nigeria,2013,36.27,26.18,10.090000000000003
Nigeria,2012,35.59,26.06,9.530000000000005
Nigeria,2011,34.94,25.94,8.999999999999996
Nigeria,2010,34.31,25.82,8.490000000000002
Nigeria,2009,33.7,25.69,8.010000000000002
Nigeria,2008,33.1,25.57,7.530000000000001
Nigeria,2007,32.53,25.44,7.09
Nigeria,2006,31.98,25.32,6.66
Nigeria,2005,31.44,25.19,6.25
Nigeria,2004,30.93,25.06,5.870000000000001
Nigeria,2003,30.43,24.93,5.5
Nigeria,2002,29.95,24.81,5.140000000000001
Nigeria,2001,29.49,24.5,4.989999999999998
Nigeria,2000,29.52,24.59,4.93
Norway,2017,98.05,76.32,21.730000000000004
Norway,2016,98.06,76.11,21.950000000000003
Norway,2015,98.06,75.91,22.150000000000006
Norway,2014,98.06,75.7,22.36
Norway,2013,98.06,75.5,22.560000000000002
Norway,2012,98.06,75.3,22.760000000000005
Norway,2011,98.06,75.1,22.960000000000008
Norway,2010,98.06,74.9,23.159999999999997
Norway,2009,98.06,74.7,23.36
Norway,2008,98.06,74.5,23.560000000000002
Norway,2007,98.07,74.31,23.75999999999999
Norway,2006,98.07,74.11,23.959999999999994
Norway,2005,98.07,73.92,24.14999999999999
Norway,2004,98.07,73.73,24.33999999999999
Norway,2003,98.07,73.54,24.529999999999987
Norway,2002,98.07,73.35,24.72
Norway,2001,98.07,73.16,24.909999999999997
Norway,2000,98.07,72.97,25.099999999999994
Paraguay,2017,89.78,58.47,31.310000000000002
Paraguay,2016,88.73,57.7,31.03
Paraguay,2015,87.67,56.9,30.770000000000003
Paraguay,2014,86.6,56.09,30.50999999999999
Paraguay,2013,85.52,55.27,30.249999999999993
Paraguay,2012,84.43,54.45,29.980000000000004
Paraguay,2011,83.32,53.61,29.709999999999994
Paraguay,2010,82.21,52.77,29.43999999999999
Paraguay,2009,81.09,51.91,29.180000000000007
Paraguay,2008,79.96,51.05,28.909999999999997
Paraguay,2007,78.82,50.17,28.64999999999999
Paraguay,2006,77.67,49.28,28.39
Paraguay,2005,76.51,48.38,28.130000000000003
Paraguay,2004,75.34,47.47,27.870000000000005
Paraguay,2003,74.16,46.55,27.61
Paraguay,2002,72.95,45.61,27.340000000000003
Paraguay,2001,71.66,44.63,27.029999999999994
Paraguay,2000,70.34,43.62,26.720000000000006
Peru,2017,74.34,42.76,31.580000000000005
Peru,2016,73.85,40.68,33.169999999999995
Peru,2015,73.34,38.63,34.71
Peru,2014,72.83,36.6,36.23
Peru,2013,72.32,34.6,37.71999999999999
Peru,2012,71.79,32.63,39.160000000000004
Peru,2011,71.26,30.69,40.57000000000001
Peru,2010,70.72,28.77,41.95
Peru,2009,70.17,26.89,43.28
Peru,2008,69.62,25.03,44.59
Peru,2007,69.03,23.2,45.83
Peru,2006,68.39,21.4,46.99
Peru,2005,67.73,19.62,48.11
Peru,2004,67.05,17.88,49.17
Peru,2003,66.36,16.17,50.19
Peru,2002,65.66,14.5,51.16
Peru,2001,64.94,12.87,52.07
Peru,2000,64.2,11.27,52.93000000000001
Philippines,2017,76.53,51.64,24.89
Philippines,2016,75.4,50.89,24.510000000000005
Philippines,2015,74.26,50.13,24.130000000000003
Philippines,2014,73.14,49.39,23.75
Philippines,2013,72.02,48.65,23.369999999999997
Philippines,2012,70.91,47.91,23.0
Philippines,2011,69.8,47.17,22.629999999999995
Philippines,2010,68.7,46.44,22.260000000000005
Philippines,2009,67.64,45.73,21.910000000000004
Philippines,2008,66.6,45.04,21.559999999999995
Philippines,2007,65.57,44.35,21.21999999999999
Philippines,2006,64.55,43.73,20.82
Philippines,2005,64.14,43.36,20.78
Philippines,2004,63.74,42.99,20.75
Philippines,2003,63.34,42.62,20.720000000000006
Philippines,2002,62.93,42.25,20.68
Philippines,2001,62.53,41.88,20.65
Philippines,2000,62.13,41.51,20.620000000000005
Poland,2017,98.8,93.25,5.549999999999997
Poland,2016,98.38,92.76,5.61999999999999
Poland,2015,97.69,91.98,5.709999999999994
Poland,2014,97.0,91.21,5.790000000000006
Poland,2013,96.32,90.44,5.8799999999999955
Poland,2012,95.63,89.57,6.060000000000002
Poland,2011,94.95,88.63,6.320000000000007
Poland,2010,94.28,87.69,6.590000000000003
Poland,2009,93.6,86.76,6.839999999999989
Poland,2008,92.93,85.83,7.1000000000000085
Poland,2007,92.26,84.91,7.3500000000000085
Poland,2006,91.59,84.0,7.590000000000003
Poland,2005,90.92,83.09,7.829999999999998
Poland,2004,90.26,82.19,8.070000000000007
Poland,2003,89.59,81.3,8.290000000000006
Poland,2002,88.94,80.65,8.289999999999992
Poland,2001,88.26,79.97,8.290000000000006
Poland,2000,87.57,79.3,8.269999999999996
Portugal,2017,99.61,84.71,14.900000000000006
Portugal,2016,99.57,84.54,15.029999999999987
Portugal,2015,99.44,81.85,17.590000000000003
Portugal,2014,99.32,79.01,20.309999999999988
Portugal,2013,99.19,76.19,23.0
Portugal,2012,99.06,73.39,25.67
Portugal,2011,98.92,70.6,28.320000000000007
Portugal,2010,98.79,67.84,30.950000000000003
Portugal,2009,98.65,65.09,33.56
Portugal,2008,98.51,62.36,36.150000000000006
Portugal,2007,98.37,59.64,38.730000000000004
Portugal,2006,98.23,56.95,41.28
Portugal,2005,98.08,54.27,43.809999999999995
Portugal,2004,97.93,51.62,46.31000000000001
Portugal,2003,97.78,48.98,48.800000000000004
Portugal,2002,97.63,48.82,48.809999999999995
Portugal,2001,97.47,48.67,48.8
Portugal,2000,97.32,48.51,48.809999999999995
Qatar,2017,100.0,96.03,3.969999999999999
Qatar,2016,100.0,94.95,5.049999999999997
Qatar,2015,100.0,93.87,6.1299999999999955
Qatar,2014,100.0,92.78,7.219999999999999
Qatar,2013,100.0,91.7,8.299999999999997
Qatar,2012,100.0,90.62,9.379999999999995
Qatar,2011,100.0,89.53,10.469999999999999
Qatar,2010,100.0,88.45,11.549999999999997
Qatar,2009,100.0,87.37,12.629999999999995
Qatar,2008,99.99,86.28,13.709999999999994
Qatar,2007,99.99,86.28,13.709999999999994
Qatar,2006,99.99,86.28,13.709999999999994
Qatar,2005,99.99,86.28,13.709999999999994
Qatar,2004,99.99,86.28,13.709999999999994
Qatar,2003,99.99,86.28,13.709999999999994
Qatar,2002,99.99,86.28,13.709999999999994
Qatar,2001,99.99,86.28,13.709999999999994
Qatar,2000,99.99,86.28,13.709999999999994
Republic of Korea,2017,100.0,99.9,0.09999999999999432
Republic of Korea,2016,100.0,99.86,0.14000000000000057
Republic of Korea,2015,100.0,99.62,0.37999999999999545
Republic of Korea,2014,100.0,98.97,1.0300000000000011
Republic of Korea,2013,100.0,98.29,1.7099999999999937
Republic of Korea,2012,100.0,97.45,2.549999999999997
Republic of Korea,2011,100.0,96.58,3.4200000000000017
Republic of Korea,2010,100.0,95.68,4.319999999999993
Republic of Korea,2009,100.0,94.76,5.239999999999995
Republic of Korea,2008,100.0,93.81,6.189999999999998
Republic of Korea,2007,100.0,92.84,7.159999999999997
Republic of Korea,2006,100.0,91.85,8.150000000000006
Republic of Korea,2005,100.0,90.83,9.170000000000002
Republic of Korea,2004,100.0,89.78,10.219999999999999
Republic of Korea,2003,100.0,88.7,11.299999999999997
Republic of Korea,2002,100.0,87.63,12.370000000000005
Republic of Korea,2001,100.0,86.68,13.319999999999993
Republic of Korea,2000,100.0,85.87,14.129999999999995
The former Yugoslav Republic of Macedonia,2017,99.12,16.56,82.56
The former Yugoslav Republic of Macedonia,2016,98.7,16.37,82.33
The former Yugoslav Republic of Macedonia,2015,98.14,16.16,81.98
The former Yugoslav Republic of Macedonia,2014,97.57,15.94,81.63
The former Yugoslav Republic of Macedonia,2013,97.01,15.72,81.29
The former Yugoslav Republic of Macedonia,2012,95.95,15.21,80.74000000000001
The former Yugoslav Republic of Macedonia,2011,94.54,14.72,79.82000000000001
The former Yugoslav Republic of Macedonia,2010,93.15,14.46,78.69
The former Yugoslav Republic of Macedonia,2009,91.77,14.26,77.50999999999999
The former Yugoslav Republic of Macedonia,2008,90.4,14.06,76.34
The former Yugoslav Republic of Macedonia,2007,89.05,13.86,75.19
The former Yugoslav Republic of Macedonia,2006,87.71,13.66,74.05
The former Yugoslav Republic of Macedonia,2005,86.4,13.47,72.93
The former Yugoslav Republic of Macedonia,2004,85.1,13.61,71.49
The former Yugoslav Republic of Macedonia,2003,85.12,13.6,71.52000000000001
The former Yugoslav Republic of Macedonia,2002,85.15,13.59,71.56
The former Yugoslav Republic of Macedonia,2001,85.18,13.58,71.60000000000001
The former Yugoslav Republic of Macedonia,2000,85.21,13.57,71.63999999999999
Romania,2017,84.31,76.54,7.769999999999996
Romania,2016,83.56,74.45,9.11
Romania,2015,82.81,72.43,10.379999999999995
Romania,2014,82.07,70.48,11.58999999999999
Romania,2013,81.34,68.6,12.740000000000009
Romania,2012,80.6,66.8,13.799999999999997
Romania,2011,79.86,65.04,14.819999999999993
Romania,2010,79.07,63.32,15.749999999999993
Romania,2009,78.28,61.66,16.620000000000005
Romania,2008,77.49,60.06,17.429999999999993
Romania,2007,76.69,58.53,18.159999999999997
Romania,2006,75.89,57.06,18.83
Romania,2005,75.09,55.66,19.430000000000007
Romania,2004,75.04,54.94,20.10000000000001
Romania,2003,74.99,54.27,20.71999999999999
Romania,2002,74.94,54.23,20.71
Romania,2001,74.97,54.25,20.72
Russian Federation,2017,90.48,61.31,29.17
Russian Federation,2016,90.06,60.91,29.150000000000006
Russian Federation,2015,89.64,60.52,29.119999999999997
Russian Federation,2014,89.22,60.13,29.089999999999996
Russian Federation,2013,88.8,59.74,29.059999999999995
Russian Federation,2012,88.38,59.35,29.029999999999994
Russian Federation,2011,87.97,58.96,29.009999999999998
Russian Federation,2010,87.55,58.58,28.97
Russian Federation,2009,87.14,58.2,28.939999999999998
Russian Federation,2008,86.72,57.82,28.9
Russian Federation,2007,86.3,57.44,28.86
Russian Federation,2006,85.88,57.06,28.819999999999993
Russian Federation,2005,85.46,56.68,28.779999999999994
Russian Federation,2004,85.04,56.3,28.74000000000001
Russian Federation,2003,84.61,55.92,28.689999999999998
Russian Federation,2002,84.19,55.55,28.64
Russian Federation,2001,83.79,55.18,28.610000000000007
Russian Federation,2000,83.38,54.82,28.559999999999995
Samoa,2017,98.17,48.47,49.7
Samoa,2016,98.12,48.59,49.53
Samoa,2015,98.07,48.71,49.35999999999999
Samoa,2014,98.02,48.84,49.17999999999999
Samoa,2013,97.97,48.96,49.01
Samoa,2012,97.92,49.09,48.83
Samoa,2011,97.87,49.21,48.660000000000004
Samoa,2010,97.82,49.34,48.47999999999999
Samoa,2009,97.78,49.47,48.31
Samoa,2008,97.73,49.6,48.13
Samoa,2007,97.68,49.73,47.95000000000001
Samoa,2006,97.64,49.66,47.980000000000004
Samoa,2005,97.59,49.58,48.010000000000005
Samoa,2004,97.55,49.51,48.04
Samoa,2003,97.56,49.48,48.080000000000005
Samoa,2002,97.56,49.45,48.11
Samoa,2001,97.56,49.44,48.120000000000005
Samoa,2000,97.56,49.45,48.11
San Marino,2017,100.0,77.23,22.769999999999996
San Marino,2016,100.0,77.23,22.769999999999996
San Marino,2015,100.0,77.23,22.769999999999996
San Marino,2014,100.0,77.23,22.769999999999996
San Marino,2013,100.0,77.23,22.769999999999996
San Marino,2012,100.0,77.23,22.769999999999996
San Marino,2011,100.0,77.23,22.769999999999996
San Marino,2010,100.0,77.23,22.769999999999996
San Marino,2009,100.0,77.23,22.769999999999996
San Marino,2008,100.0,77.23,22.769999999999996
San Marino,2007,100.0,77.23,22.769999999999996
San Marino,2006,100.0,77.23,22.769999999999996
San Marino,2005,100.0,77.23,22.769999999999996
San Marino,2004,100.0,77.23,22.769999999999996
San Marino,2003,100.0,77.23,22.769999999999996
San Marino,2002,100.0,77.23,22.769999999999996
San Marino,2001,100.0,77.23,22.769999999999996
San Marino,2000,100.0,77.23,22.769999999999996
Saudi Arabia,2017,100.0,77.75,22.25
Saudi Arabia,2016,99.91,77.06,22.849999999999994
Saudi Arabia,2015,99.8,76.4,23.39999999999999
Saudi Arabia,2014,99.69,75.75,23.939999999999998
Saudi Arabia,2013,99.59,75.09,24.5
Saudi Arabia,2012,99.48,74.43,25.049999999999997
Saudi Arabia,2011,99.37,73.77,25.60000000000001
Saudi Arabia,2010,99.27,73.12,26.14999999999999
Saudi Arabia,2009,99.16,72.46,26.700000000000003
Saudi Arabia,2008,99.05,71.8,27.25
Saudi Arabia,2007,98.94,71.14,27.799999999999997
Saudi Arabia,2006,98.84,70.49,28.35000000000001
Saudi Arabia,2005,98.73,69.83,28.900000000000006
Saudi Arabia,2004,98.62,69.17,29.450000000000003
Saudi Arabia,2003,98.52,68.51,30.00999999999999
Saudi Arabia,2002,98.41,67.86,30.549999999999997
Saudi Arabia,2001,98.41,67.86,30.549999999999997
Saudi Arabia,2000,98.41,67.86,30.549999999999997
Senegal,2017,51.47,21.46,30.009999999999998
Senegal,2016,50.78,20.87,29.91
Senegal,2015,50.09,20.29,29.800000000000004
Senegal,2014,49.38,19.71,29.67
Senegal,2013,48.67,19.13,29.540000000000003
Senegal,2012,47.95,18.56,29.390000000000004
Senegal,2011,47.23,17.99,29.24
Senegal,2010,46.49,17.42,29.07
Senegal,2009,45.75,16.86,28.89
Senegal,2008,45.0,16.6,28.4
Senegal,2007,44.24,16.33,27.910000000000004
Senegal,2006,43.48,16.05,27.429999999999996
Senegal,2005,42.71,15.78,26.93
Senegal,2004,41.93,15.5,26.43
Senegal,2003,41.14,15.22,25.92
Senegal,2002,40.4,14.94,25.46
Senegal,2001,39.7,14.66,25.040000000000003
Senegal,2000,38.89,14.36,24.53
Serbia,2017,97.57,24.73,72.83999999999999
Serbia,2016,97.6,24.58,73.02
Serbia,2015,97.64,24.35,73.28999999999999
Serbia,2014,97.46,24.29,73.16999999999999
Serbia,2013,97.23,24.49,72.74000000000001
Serbia,2012,96.99,24.68,72.31
Serbia,2011,96.76,24.88,71.88000000000001
Serbia,2010,96.53,25.09,71.44
Serbia,2009,96.29,25.35,70.94
Serbia,2008,96.06,25.67,70.39
Serbia,2007,95.83,25.99,69.84
Serbia,2006,95.59,26.31,69.28
Serbia,2005,95.36,26.63,68.73
Serbia,2004,95.13,27.1,68.03
Serbia,2003,95.17,27.58,67.59
Serbia,2002,95.2,28.06,67.14
Serbia,2001,95.24,28.55,66.69
Serbia,2000,95.28,29.04,66.24000000000001
Sierra Leone,2017,15.65,13.35,2.3000000000000007
Sierra Leone,2016,15.29,13.05,2.2399999999999984
Sierra Leone,2015,14.94,12.76,2.1799999999999997
Sierra Leone,2014,14.59,12.47,2.119999999999999
Sierra Leone,2013,14.24,12.19,2.0500000000000007
Sierra Leone,2012,13.89,11.9,1.9900000000000002
Sierra Leone,2011,13.55,11.62,1.9300000000000015
Sierra Leone,2010,13.2,11.33,1.8699999999999992
Sierra Leone,2009,12.87,11.05,1.8199999999999985
Sierra Leone,2008,12.53,10.78,1.75
Sierra Leone,2007,12.2,10.5,1.6999999999999993
Sierra Leone,2006,11.87,10.22,1.6499999999999986
Sierra Leone,2005,11.55,9.95,1.6000000000000014
Sierra Leone,2004,11.23,9.69,1.540000000000001
Sierra Leone,2003,10.93,9.43,1.5
Sierra Leone,2002,10.68,9.2,1.4800000000000004
Sierra Leone,2001,10.43,8.97,1.459999999999999
Sierra Leone,2000,10.18,8.74,1.4399999999999995
Singapore,2017,100.0,100.0,0.0
Singapore,2016,100.0,100.0,0.0
Singapore,2015,100.0,100.0,0.0
Singapore,2014,100.0,100.0,0.0
Singapore,2013,100.0,100.0,0.0
Singapore,2012,100.0,100.0,0.0
Singapore,2011,100.0,100.0,0.0
Singapore,2010,100.0,100.0,0.0
Singapore,2009,100.0,100.0,0.0
Singapore,2008,100.0,100.0,0.0
Singapore,2007,100.0,100.0,0.0
Singapore,2006,100.0,100.0,0.0
Singapore,2005,100.0,100.0,0.0
Singapore,2004,100.0,100.0,0.0
Singapore,2003,100.0,100.0,0.0
Singapore,2002,100.0,100.0,0.0
Singapore,2001,100.0,100.0,0.0
Singapore,2000,100.0,100.0,0.0
Slovakia,2017,97.94,82.52,15.420000000000002
Slovakia,2016,97.93,82.61,15.320000000000007
Slovakia,2015,97.93,82.7,15.230000000000004
Slovakia,2014,97.92,82.8,15.120000000000005
Slovakia,2013,97.92,82.9,15.019999999999996
Slovakia,2012,97.91,83.0,14.909999999999997
Slovakia,2011,97.91,83.1,14.810000000000002
Slovakia,2010,97.91,83.21,14.700000000000003
Slovakia,2009,97.9,83.33,14.570000000000007
Slovakia,2008,97.9,83.43,14.469999999999999
Slovakia,2007,97.9,83.53,14.370000000000005
Slovakia,2006,97.89,83.63,14.260000000000005
Slovakia,2005,97.89,83.74,14.150000000000006
Slovakia,2004,97.88,83.84,14.039999999999992
Slovakia,2003,97.88,83.94,13.939999999999998
Slovakia,2002,97.87,83.95,13.920000000000002
Slovakia,2001,97.87,83.96,13.91000000000001
Slovakia,2000,97.87,83.97,13.900000000000006
Slovenia,2017,99.11,83.04,16.069999999999993
Slovenia,2016,99.11,82.79,16.319999999999993
Slovenia,2015,99.11,82.53,16.58
Slovenia,2014,99.11,82.22,16.89
Slovenia,2013,99.11,81.52,17.590000000000003
Slovenia,2012,99.11,80.83,18.28
Slovenia,2011,99.11,80.13,18.980000000000004
Slovenia,2010,99.11,79.44,19.67
Slovenia,2009,99.11,78.74,20.370000000000005
Slovenia,2008,99.11,78.04,21.069999999999993
Slovenia,2007,99.11,77.35,21.760000000000005
Slovenia,2006,99.11,76.66,22.450000000000003
Slovenia,2005,99.11,75.96,23.150000000000006
Slovenia,2004,99.11,75.27,23.840000000000003
Slovenia,2003,99.11,75.02,24.090000000000003
Slovenia,2002,99.11,74.77,24.340000000000003
Slovenia,2001,99.11,74.51,24.599999999999994
Slovenia,2000,99.11,74.26,24.849999999999994
Spain,2017,99.9,96.62,3.280000000000001
Spain,2016,99.9,96.62,3.280000000000001
Spain,2015,99.9,96.53,3.3700000000000045
Spain,2014,99.9,96.43,3.469999999999999
Spain,2013,99.9,96.25,3.6500000000000057
Spain,2012,99.9,96.05,3.8500000000000085
Spain,2011,99.9,95.86,4.040000000000006
Spain,2010,99.9,95.66,4.240000000000009
Spain,2009,99.9,95.47,4.430000000000007
Spain,2008,99.9,95.27,4.63000000000001
Spain,2007,99.9,95.08,4.820000000000007
Spain,2006,99.9,94.88,5.02000000000001
Spain,2005,99.9,94.68,5.219999999999999
Spain,2004,99.9,94.49,5.410000000000011
Spain,2003,99.9,94.4,5.5
Spain,2002,99.9,94.4,5.5
Spain,2001,99.9,94.4,5.5
Spain,2000,99.9,94.4,5.5
Sweden,2017,99.3,93.38,5.920000000000002
Sweden,2016,99.3,93.36,5.939999999999998
Sweden,2015,99.3,93.3,6.0
Sweden,2014,99.3,93.23,6.069999999999993
Sweden,2013,99.31,93.17,6.140000000000001
Sweden,2012,99.31,93.11,6.200000000000003
Sweden,2011,99.31,93.04,6.269999999999996
Sweden,2010,99.31,92.98,6.329999999999998
Sweden,2009,99.31,92.93,6.3799999999999955
Sweden,2008,99.31,92.87,6.439999999999998
Sweden,2007,99.31,92.82,6.490000000000009
Sweden,2006,99.31,92.76,6.549999999999997
Sweden,2005,99.31,92.71,6.6000000000000085
Sweden,2004,99.31,92.66,6.650000000000006
Sweden,2003,99.31,92.61,6.700000000000003
Sweden,2002,99.31,92.56,6.75
Sweden,2001,99.31,92.52,6.790000000000006
Sweden,2000,99.31,92.47,6.840000000000003
Switzerland,2017,99.89,99.54,0.3499999999999943
Switzerland,2016,99.89,99.54,0.3499999999999943
Switzerland,2015,99.89,99.54,0.3499999999999943
Switzerland,2014,99.89,99.54,0.3499999999999943
Switzerland,2013,99.89,99.48,0.4099999999999966
Switzerland,2012,99.89,99.36,0.5300000000000011
Switzerland,2011,99.89,99.24,0.6500000000000057
Switzerland,2010,99.89,99.13,0.7600000000000051
Switzerland,2009,99.89,99.01,0.8799999999999955
Switzerland,2008,99.9,98.89,1.0100000000000051
Switzerland,2007,99.9,98.77,1.1300000000000097
Switzerland,2006,99.9,98.63,1.2700000000000102
Switzerland,2005,99.9,98.48,1.4200000000000017
Switzerland,2004,99.9,98.34,1.5600000000000023
Switzerland,2003,99.9,98.19,1.710000000000008
Switzerland,2002,99.9,98.04,1.8599999999999994
Switzerland,2001,99.9,97.96,1.940000000000012
Switzerland,2000,99.9,97.91,1.990000000000009
Tunisia,2017,90.92,78.12,12.799999999999997
Tunisia,2016,90.88,77.59,13.289999999999992
Tunisia,2015,90.3,76.51,13.789999999999992
Tunisia,2014,89.7,75.42,14.280000000000001
Tunisia,2013,88.8,74.1,14.700000000000003
Tunisia,2012,87.9,72.78,15.120000000000005
Tunisia,2011,86.99,71.47,15.519999999999996
Tunisia,2010,86.09,70.18,15.909999999999997
Tunisia,2009,85.18,68.9,16.28
Tunisia,2008,84.27,67.64,16.629999999999995
Tunisia,2007,83.36,66.38,16.980000000000004
Tunisia,2006,82.45,65.14,17.310000000000002
Tunisia,2005,81.54,63.92,17.620000000000005
Tunisia,2004,80.63,62.7,17.929999999999993
Tunisia,2003,79.69,61.47,18.22
Tunisia,2002,78.74,60.24,18.499999999999993
Tunisia,2001,77.78,59.39,18.39
Tunisia,2000,77.08,58.73,18.35
Turkey,2017,97.3,65.2,32.099999999999994
Turkey,2016,97.25,65.11,32.14
Turkey,2015,97.19,64.89,32.3
Turkey,2014,96.65,64.33,32.32000000000001
Turkey,2013,95.57,63.32,32.24999999999999
Turkey,2012,94.48,62.37,32.11000000000001
Turkey,2011,93.38,61.47,31.909999999999997
Turkey,2010,92.28,60.57,31.71
Turkey,2009,91.17,59.66,31.510000000000005
Turkey,2008,90.05,58.75,31.299999999999997
Turkey,2007,88.93,57.88,31.050000000000004
Turkey,2006,87.8,57.04,30.759999999999998
Turkey,2005,86.67,56.21,30.46
Turkey,2004,85.53,55.3,30.230000000000004
Turkey,2003,84.38,54.5,29.879999999999995
Turkey,2002,83.23,53.7,29.53
Turkey,2001,82.06,52.9,29.160000000000004
Turkey,2000,81.95,52.76,29.190000000000005
Tuvalu,2017,84.08,6.32,77.75999999999999
Tuvalu,2016,84.11,6.36,77.75
Tuvalu,2015,84.14,6.42,77.72
Tuvalu,2014,84.17,6.47,77.7
Tuvalu,2013,84.38,6.61,77.77
Tuvalu,2012,84.0,6.46,77.54
Tuvalu,2011,83.54,6.26,77.28
Tuvalu,2010,83.04,6.05,76.99000000000001
Tuvalu,2009,82.51,5.83,76.68
Tuvalu,2008,81.95,5.59,76.36
Tuvalu,2007,81.36,5.33,76.03
Tuvalu,2006,80.73,5.06,75.67
Tuvalu,2005,80.07,4.77,75.3
Tuvalu,2004,79.98,4.76,75.22
Tuvalu,2003,79.88,4.75,75.13
Tuvalu,2002,79.8,4.74,75.06
Tuvalu,2001,79.76,4.73,75.03
Ukraine,2017,96.22,68.46,27.760000000000005
Ukraine,2016,96.22,66.18,30.039999999999992
Ukraine,2015,96.22,63.91,32.31
Ukraine,2014,96.21,61.64,34.56999999999999
Ukraine,2013,96.08,59.05,37.03
Ukraine,2012,95.94,56.38,39.559999999999995
Ukraine,2011,95.81,53.66,42.150000000000006
Ukraine,2010,95.67,50.93,44.74
Ukraine,2009,95.53,48.17,47.36
Ukraine,2008,95.39,45.42,49.97
Ukraine,2007,95.25,44.99,50.26
Ukraine,2006,95.1,44.56,50.53999999999999
Ukraine,2005,94.96,44.14,50.81999999999999
Ukraine,2004,94.81,43.71,51.1
Ukraine,2003,94.66,43.29,51.37
Ukraine,2002,94.57,42.88,51.68999999999999
Ukraine,2001,94.48,42.46,52.02
Ukraine,2000,94.4,42.41,51.99000000000001
United Arab Emirates,2017,98.59,96.28,2.3100000000000023
United Arab Emirates,2016,98.58,95.86,2.719999999999999
United Arab Emirates,2015,98.58,95.45,3.1299999999999955
United Arab Emirates,2014,98.57,95.03,3.539999999999992
United Arab Emirates,2013,98.57,94.62,3.9499999999999886
United Arab Emirates,2012,98.57,94.2,4.36999999999999
United Arab Emirates,2011,98.56,93.78,4.780000000000001
United Arab Emirates,2010,98.56,93.37,5.189999999999998
United Arab Emirates,2009,98.55,92.95,5.599999999999994
United Arab Emirates,2008,98.55,92.54,6.009999999999991
United Arab Emirates,2007,98.54,92.12,6.420000000000002
United Arab Emirates,2006,98.54,91.7,6.840000000000003
United Arab Emirates,2005,98.54,91.29,7.25
United Arab Emirates,2004,98.53,90.87,7.659999999999997
United Arab Emirates,2003,98.53,90.46,8.070000000000007
United Arab Emirates,2002,98.52,90.04,8.47999999999999
United Arab Emirates,2001,98.52,89.62,8.899999999999991
United Arab Emirates,2000,98.52,89.62,8.899999999999991
United Kingdom of Great Britain and Northern Ireland,2017,99.11,97.75,1.3599999999999994
United Kingdom of Great Britain and Northern Ireland,2016,99.11,97.74,1.3700000000000045
United Kingdom of Great Britain and Northern Ireland,2015,99.11,97.72,1.3900000000000006
United Kingdom of Great Britain and Northern Ireland,2014,99.11,97.7,1.4099999999999966
United Kingdom of Great Britain and Northern Ireland,2013,99.11,97.68,1.4299999999999926
United Kingdom of Great Britain and Northern Ireland,2012,99.12,97.66,1.460000000000008
United Kingdom of Great Britain and Northern Ireland,2011,99.12,97.64,1.480000000000004
United Kingdom of Great Britain and Northern Ireland,2010,99.12,97.62,1.5
United Kingdom of Great Britain and Northern Ireland,2009,99.12,97.6,1.5200000000000102
United Kingdom of Great Britain and Northern Ireland,2008,99.12,97.58,1.5400000000000063
United Kingdom of Great Britain and Northern Ireland,2007,99.12,97.56,1.5600000000000023
United Kingdom of Great Britain and Northern Ireland,2006,99.12,97.54,1.5799999999999983
United Kingdom of Great Britain and Northern Ireland,2005,99.12,97.52,1.6000000000000085
United Kingdom of Great Britain and Northern Ireland,2004,99.13,97.5,1.6299999999999955
United Kingdom of Great Britain and Northern Ireland,2003,99.13,97.48,1.6499999999999915
United Kingdom of Great Britain and Northern Ireland,2002,99.13,97.46,1.6700000000000017
United Kingdom of Great Britain and Northern Ireland,2001,99.13,97.44,1.6899999999999977
United Kingdom of Great Britain and Northern Ireland,2000,99.13,97.43,1.6999999999999886
United Republic of Tanzania,2017,29.91,25.38,4.530000000000001
United Republic of Tanzania,2016,28.39,24.28,4.109999999999999
United Republic of Tanzania,2015,26.87,23.18,3.6900000000000013
United Republic of Tanzania,2014,25.35,22.07,3.280000000000001
United Republic of Tanzania,2013,23.83,20.96,2.8699999999999974
United Republic of Tanzania,2012,22.32,19.84,2.4800000000000004
United Republic of Tanzania,2011,20.81,18.72,2.09
United Republic of Tanzania,2010,19.3,17.55,1.75
United Republic of Tanzania,2009,17.79,16.3,1.4899999999999984
United Republic of Tanzania,2008,16.29,15.02,1.2699999999999996
United Republic of Tanzania,2007,14.78,13.61,1.17
United Republic of Tanzania,2006,13.28,12.19,1.0899999999999999
United Republic of Tanzania,2005,11.79,10.78,1.0099999999999998
United Republic of Tanzania,2004,10.29,9.38,0.9099999999999984
United Republic of Tanzania,2003,8.79,7.97,0.8199999999999994
United Republic of Tanzania,2002,7.28,6.55,0.7300000000000004
United Republic of Tanzania,2001,5.8,5.15,0.6499999999999995
United Republic of Tanzania,2000,4.32,3.75,0.5700000000000003
United States of America,2017,99.97,89.97,10.0
United States of America,2016,99.97,89.91,10.060000000000002
United States of America,2015,99.97,89.85,10.120000000000005
United States of America,2014,99.97,89.79,10.179999999999993
United States of America,2013,99.97,89.67,10.299999999999997
United States of America,2012,99.97,89.56,10.409999999999997
United States of America,2011,99.97,89.44,10.530000000000001
United States of America,2010,99.97,89.33,10.64
United States of America,2009,99.97,89.21,10.760000000000005
United States of America,2008,99.97,89.1,10.870000000000005
United States of America,2007,99.97,88.99,10.980000000000004
United States of America,2006,99.97,88.88,11.090000000000003
United States of America,2005,99.97,88.76,11.209999999999994
United States of America,2004,99.97,88.65,11.319999999999993
United States of America,2003,99.97,88.54,11.429999999999993
United States of America,2002,99.97,88.42,11.549999999999997
United States of America,2001,99.97,88.31,11.659999999999997
United States of America,2000,99.97,88.19,11.780000000000001
Venezuela (Bolivarian Republic of),2017,93.94,23.76,70.17999999999999
Venezuela (Bolivarian Republic of),2016,93.94,23.86,70.08
Venezuela (Bolivarian Republic of),2015,93.94,23.97,69.97
Venezuela (Bolivarian Republic of),2014,93.94,24.07,69.87
Venezuela (Bolivarian Republic of),2013,93.94,24.28,69.66
Venezuela (Bolivarian Republic of),2012,93.94,24.91,69.03
Venezuela (Bolivarian Republic of),2011,93.94,25.55,68.39
Venezuela (Bolivarian Republic of),2010,93.94,26.18,67.75999999999999
Venezuela (Bolivarian Republic of),2009,93.94,26.82,67.12
Venezuela (Bolivarian Republic of),2008,93.59,27.24,66.35000000000001
Venezuela (Bolivarian Republic of),2007,93.24,27.65,65.59
Venezuela (Bolivarian Republic of),2006,92.89,28.07,64.82
Venezuela (Bolivarian Republic of),2005,92.54,28.49,64.05000000000001
