country,year,water_pct,sanitation_pct,malaria_inc
Afghanistan,2017,57.32,43.42,27.07
Afghanistan,2016,54.84,42.05,26.11
Afghanistan,2015,52.39,40.71,14.91
Afghanistan,2014,49.96,39.37,12.67
Afghanistan,2013,47.56,38.06,9.01
Afghanistan,2012,45.19,36.75,11.15
Afghanistan,2011,42.84,35.46,18.87
Afghanistan,2010,40.52,34.18,15.11
Afghanistan,2009,38.23,32.91,14.77
Afghanistan,2008,35.97,31.65,17.84
Afghanistan,2007,33.73,30.41,21.55
Afghanistan,2006,31.52,29.18,20.53
Afghanistan,2005,29.54,28.04,27.08
Afghanistan,2004,27.56,26.9,37.64
Afghanistan,2003,25.58,25.77,68.41
Afghanistan,2002,23.6,24.65,104.0
Afghanistan,2001,21.62,23.52,91.89
Afghanistan,2000,21.62,23.52,95.54
Algeria,2017,88.69,87.59,0.0
Algeria,2016,88.69,87.54,0.0
Algeria,2015,88.69,87.5,0.0
Algeria,2014,88.33,87.33,0.0
Algeria,2013,87.98,87.16,0.004
Algeria,2012,87.62,86.97,0.025
Algeria,2011,87.26,86.77,0.0005
Algeria,2010,86.9,86.56,0.0005
Algeria,2009,86.54,86.34,0.0
Algeria,2008,86.19,86.1,0.001
Algeria,2007,85.83,85.85,0.013
Algeria,2006,85.47,85.58,0.0005
Algeria,2005,85.11,85.31,0.0005
Algeria,2004,84.75,85.02,0.001
Algeria,2003,84.4,84.72,0.003
Algeria,2002,84.04,84.4,0.005
Algeria,2001,83.68,84.07,0.003
Algeria,2000,83.32,83.73,0.019
Angola,2017,27.44,49.88,228.9
Angola,2016,27.08,48.63,220.0
Angola,2015,26.71,47.37,200.0
Angola,2014,26.35,46.12,187.9
Angola,2013,25.98,44.85,180.9
Angola,2012,25.61,43.59,174.4
Angola,2011,25.25,42.33,176.0
Angola,2010,24.88,41.06,185.5
Angola,2009,24.51,39.79,204.3
Angola,2008,24.14,38.53,241.2
Angola,2007,23.77,37.26,286.7
Angola,2006,23.4,35.99,313.8
Angola,2005,23.02,34.72,323.7
Angola,2004,22.65,33.29,319.7
Angola,2003,22.28,31.86,315.3
Angola,2002,21.9,30.42,312.3
Angola,2001,21.53,28.99,328.3
Angola,2000,21.15,27.56,324.4
Argentina,2016,92.98,94.26,0.0
Argentina,2015,92.98,94.23,0.0
Argentina,2014,92.98,94.2,0.0
Argentina,2013,92.98,94.17,0.0
Argentina,2012,92.98,93.74,0.0
Argentina,2011,91.6,93.18,0.0
Argentina,2010,90.22,92.62,0.068
Argentina,2009,88.84,92.06,0.42
Argentina,2008,87.46,91.49,0.65
Argentina,2007,86.08,90.93,1.95
Argentina,2006,84.69,90.37,1.08
Argentina,2005,83.31,89.8,1.3
Argentina,2004,81.93,89.24,0.6
Argentina,2003,80.55,88.67,0.64
Argentina,2002,79.17,88.11,0.66
Argentina,2001,77.79,87.54,1.15
Argentina,2000,76.4,86.98,2.39
Armenia,2017,100.0,93.64,0.0
Armenia,2016,100.0,93.41,0.0
Armenia,2015,99.6,93.06,0.0
Armenia,2014,99.25,92.63,0.0
Armenia,2013,98.47,92.21,0.0
Armenia,2012,97.69,91.79,0.0
Armenia,2011,96.91,91.38,0.0
Armenia,2010,96.14,90.96,0.0
Armenia,2009,95.37,90.55,0.0
Armenia,2008,94.6,90.14,0.0
Armenia,2007,93.83,89.73,0.0
Armenia,2006,93.07,89.32,0.0
Armenia,2005,92.31,88.91,0.002
Armenia,2004,91.56,88.5,0.016
Armenia,2003,90.8,88.09,0.01
Armenia,2002,90.05,87.68,0.017
Armenia,2001,89.3,87.28,0.026
Armenia,2000,88.56,86.9,0.046
Azerbaijan,2017,81.57,92.51,0.0
Azerbaijan,2016,80.43,92.48,0.0
Azerbaijan,2015,79.28,92.46,0.0
Azerbaijan,2014,78.14,90.92,0.0
Azerbaijan,2013,77.0,89.31,0.0
Azerbaijan,2012,75.85,87.04,0.014
Azerbaijan,2011,74.71,84.78,0.019
Azerbaijan,2010,73.56,82.55,0.24
Azerbaijan,2009,72.42,80.33,0.38
Azerbaijan,2008,71.28,78.13,0.35
Azerbaijan,2007,69.12,75.94,0.54
Azerbaijan,2006,66.99,73.77,0.72
Azerbaijan,2005,64.9,71.62,1.23
Azerbaijan,2004,62.84,69.48,1.99
Azerbaijan,2003,60.81,67.92,2.51
Azerbaijan,2002,58.82,66.36,2.66
Azerbaijan,2001,56.86,64.79,5.61
Azerbaijan,2000,54.93,63.21,8.17
Bangladesh,2017,96.75,48.23,1.95
Bangladesh,2016,96.56,47.01,1.86
Bangladesh,2015,96.43,45.74,2.72
Bangladesh,2014,96.29,44.46,3.3
Bangladesh,2013,96.16,43.17,1.54
Bangladesh,2012,96.02,41.86,2.2
Bangladesh,2011,95.88,40.54,3.95
Bangladesh,2010,95.75,39.2,4.33
Bangladesh,2009,95.61,37.86,8.17
Bangladesh,2008,95.48,36.51,7.8
Bangladesh,2007,95.34,35.15,4.89
Bangladesh,2006,95.2,33.78,4.52
Bangladesh,2005,95.07,32.41,6.05
Bangladesh,2004,94.93,31.04,6.24
Bangladesh,2003,94.73,29.69,6.44
Bangladesh,2002,94.54,28.33,6.67
Bangladesh,2001,94.35,26.97,6.91
Bangladesh,2000,94.15,25.64,7.18
Belize,2017,97.21,87.86,0.027
Belize,2016,96.43,87.53,0.016
Belize,2015,95.65,87.21,0.036
Belize,2014,94.87,86.89,0.078
Belize,2013,94.1,86.57,0.084
Belize,2012,93.32,86.26,0.14
Belize,2011,92.54,85.94,0.32
Belize,2010,91.76,85.63,0.67
Belize,2009,90.98,85.31,1.18
Belize,2008,90.24,85.0,2.55
Belize,2007,89.49,84.69,4.1
Belize,2006,88.74,84.37,4.2
Belize,2005,88.0,84.06,7.91
Belize,2004,87.25,83.74,5.6
Belize,2003,86.5,83.41,5.83
Belize,2002,85.76,83.09,6.26
Belize,2001,85.01,82.76,6.6
Belize,2000,84.26,82.44,8.71
Benin,2017,58.22,16.45,399.6
Benin,2016,58.22,16.35,421.6
Benin,2015,57.87,16.01,411.8
Benin,2014,57.52,15.67,399.2
Benin,2013,57.17,15.08,395.0
Benin,2012,56.81,14.51,378.0
Benin,2011,56.44,13.94,370.1
Benin,2010,56.07,13.39,387.8
Benin,2009,55.69,12.85,418.0
Benin,2008,55.31,12.32,453.2
Benin,2007,54.92,11.8,480.2
Benin,2006,54.52,11.3,492.7
Benin,2005,54.12,10.81,487.0
Benin,2004,53.72,10.33,475.4
Benin,2003,53.31,9.87,454.3
Benin,2002,52.89,9.42,435.1
Benin,2001,52.47,9.0,428.7
Benin,2000,52.04,8.6,410.9
Bhutan,2017,96.73,69.25,0.02
Bhutan,2016,96.73,68.28,0.028
Bhutan,2015,96.13,67.29,0.063
Bhutan,2014,94.84,66.26,0.036
Bhutan,2013,93.71,65.21,0.029
Bhutan,2012,92.57,64.13,0.16
Bhutan,2011,91.43,63.03,0.44
Bhutan,2010,90.28,61.9,1.04
Bhutan,2009,89.12,60.74,1.94
Bhutan,2008,87.96,59.55,0.66
Bhutan,2007,86.8,58.35,1.61
Bhutan,2006,85.62,57.12,3.84
Bhutan,2005,84.44,55.86,3.8
Bhutan,2004,83.26,54.48,5.65
Bhutan,2003,82.07,53.05,8.19
Bhutan,2002,80.87,51.6,14.28
Bhutan,2001,79.67,50.11,13.39
Bhutan,2000,78.3,49.76,13.57
Bolivia (Plurinational State of),2017,78.12,60.72,1.22
Bolivia (Plurinational State of),2016,76.76,58.8,1.5
Bolivia (Plurinational State of),2015,75.41,56.91,1.89
Bolivia (Plurinational State of),2014,74.06,55.05,2.25
Bolivia (Plurinational State of),2013,72.7,53.21,2.26
Bolivia (Plurinational State of),2012,71.35,51.39,2.33
Bolivia (Plurinational State of),2011,69.99,49.58,2.09
Bolivia (Plurinational State of),2010,68.64,47.8,4.09
Bolivia (Plurinational State of),2009,67.28,46.04,2.98
Bolivia (Plurinational State of),2008,65.82,44.32,3.0
Bolivia (Plurinational State of),2007,64.35,42.62,4.57
Bolivia (Plurinational State of),2006,62.89,40.94,8.18
Bolivia (Plurinational State of),2005,61.43,39.88,8.88
Bolivia (Plurinational State of),2004,59.98,38.82,4.91
Bolivia (Plurinational State of),2003,58.53,37.75,6.82
Bolivia (Plurinational State of),2002,57.09,36.68,4.98
Bolivia (Plurinational State of),2001,55.65,35.61,5.74
Bolivia (Plurinational State of),2000,54.22,34.51,11.95
Botswana,2017,75.53,77.27,2.05
Botswana,2016,73.71,76.02,0.81
Botswana,2015,71.89,74.76,0.37
Botswana,2014,70.08,73.22,1.5
Botswana,2013,68.28,71.68,0.53
Botswana,2012,66.49,70.15,0.22
Botswana,2011,64.7,68.59,0.51
Botswana,2010,62.91,66.84,1.69
Botswana,2009,61.13,65.09,2.1
Botswana,2008,59.36,63.34,1.93
Botswana,2007,57.6,61.6,1.03
Botswana,2006,55.84,59.87,4.01
Botswana,2005,54.09,58.55,1.25
Botswana,2004,53.98,57.24,1.04
Botswana,2003,53.88,55.93,1.63
Botswana,2002,53.78,54.64,3.28
Botswana,2001,53.68,53.33,7.03
Botswana,2000,53.58,51.92,17.88
Brazil,2017,89.74,88.29,5.23
Brazil,2016,87.87,87.43,3.22
Brazil,2015,87.0,86.55,3.88
Brazil,2014,86.14,85.68,3.6
Brazil,2013,85.28,84.79,4.82
Brazil,2012,84.42,83.91,6.38
Brazil,2011,83.56,83.01,7.08
Brazil,2010,82.7,82.12,9.81
Brazil,2009,81.83,81.22,8.36
Brazil,2008,80.97,80.31,8.61
Brazil,2007,80.11,79.4,13.85
Brazil,2006,79.25,78.49,15.29
Brazil,2005,78.39,77.57,17.42
Brazil,2004,77.52,76.64,13.83
Brazil,2003,76.66,75.71,12.62
Brazil,2002,75.8,74.77,11.17
Brazil,2001,74.94,73.83,12.99
Brazil,2000,74.08,72.86,21.44
Burkina Faso,2017,34.99,19.4,399.9
Burkina Faso,2016,36.05,19.13,401.7
Burkina Faso,2015,37.09,18.83,400.1
Burkina Faso,2014,38.13,18.5,436.1
Burkina Faso,2013,39.16,18.16,487.5
Burkina Faso,2012,40.18,17.79,527.5
Burkina Faso,2011,41.19,17.39,539.6
Burkina Faso,2010,42.19,16.98,551.2
Burkina Faso,2009,43.18,16.54,552.0
Burkina Faso,2008,44.16,16.08,533.4
Burkina Faso,2007,45.13,15.6,503.8
Burkina Faso,2006,46.1,15.05,493.8
Burkina Faso,2005,47.05,14.41,506.8
Burkina Faso,2004,48.0,13.74,537.0
Burkina Faso,2003,48.94,13.05,566.3
Burkina Faso,2002,49.87,12.35,580.6
Burkina Faso,2001,50.79,11.62,588.5
Burkina Faso,2000,50.79,11.29,589.3
Burundi,2017,56.62,45.82,250.3
Burundi,2016,56.09,45.85,225.7
Burundi,2015,55.56,45.88,165.5
Burundi,2014,55.03,45.9,141.5
Burundi,2013,54.51,45.91,140.6
Burundi,2012,53.98,45.92,153.9
Burundi,2011,53.46,45.93,184.1
Burundi,2010,52.94,45.93,210.2
Burundi,2009,52.42,45.93,220.6
Burundi,2008,51.91,45.92,222.8
Burundi,2007,51.39,45.91,222.9
Burundi,2006,50.88,45.9,235.7
Burundi,2005,50.37,45.89,262.0
Burundi,2004,49.86,45.87,307.8
Burundi,2003,49.35,45.85,355.7
Burundi,2002,48.85,45.63,391.1
Burundi,2001,48.34,45.42,431.2
Burundi,2000,47.84,45.21,442.7
Cabo Verde,2017,75.78,73.85,3.03
Cabo Verde,2016,74.32,72.25,0.35
Cabo Verde,2015,72.87,70.47,0.051
Cabo Verde,2014,71.73,68.59,0.19
Cabo Verde,2013,71.62,66.69,0.17
Cabo Verde,2012,71.52,64.78,0.008
Cabo Verde,2011,71.42,62.86,0.054
Cabo Verde,2010,71.32,60.94,0.37
Cabo Verde,2009,71.22,58.93,0.51
Cabo Verde,2008,71.12,56.9,0.28
Cabo Verde,2007,71.02,54.85,0.15
Cabo Verde,2006,70.92,52.78,0.66
Cabo Verde,2005,70.82,50.7,0.56
Cabo Verde,2004,70.72,48.6,0.38
Cabo Verde,2003,70.62,46.49,0.58
Cabo Verde,2002,70.51,44.35,0.66
Cabo Verde,2001,70.41,42.21,0.94
Cabo Verde,2000,70.31,40.04,1.29
Cambodia,2017,72.9,59.23,17.9
Cambodia,2016,71.39,56.6,11.13
Cambodia,2015,69.86,53.39,19.94
Cambodia,2014,68.33,50.2,22.26
Cambodia,2013,66.81,47.06,15.89
Cambodia,2012,65.28,43.94,24.88
Cambodia,2011,63.76,40.87,35.79
Cambodia,2010,62.24,37.82,34.91
Cambodia,2009,60.71,34.81,42.77
Cambodia,2008,59.19,31.83,21.89
Cambodia,2007,57.67,28.98,19.76
Cambodia,2006,56.15,26.17,45.95
Cambodia,2005,54.63,23.39,41.41
Cambodia,2004,53.11,20.65,43.62
Cambodia,2003,51.6,17.93,51.13
Cambodia,2002,50.08,15.25,39.05
Cambodia,2001,48.56,12.59,44.3
Cambodia,2000,47.05,9.96,77.84
Cameroon,2017,39.01,39.08,262.2
Cameroon,2016,39.01,38.85,264.3
Cameroon,2015,39.05,38.86,254.5
Cameroon,2014,39.07,38.87,244.1
Cameroon,2013,39.08,38.9,243.0
Cameroon,2012,39.08,38.93,245.1
Cameroon,2011,39.06,38.98,265.1
Cameroon,2010,39.03,39.03,295.5
Cameroon,2009,38.98,39.09,323.0
Cameroon,2008,38.92,39.17,358.7
Cameroon,2007,38.85,39.25,386.7
Cameroon,2006,38.76,39.34,403.1
Cameroon,2005,38.66,39.45,412.1
Cameroon,2004,38.54,39.56,411.6
Cameroon,2003,38.41,39.68,394.6
Cameroon,2002,38.27,39.82,383.4
Cameroon,2001,38.11,39.93,387.0
Cameroon,2000,37.94,40.04,386.3
Central African Republic,2016,33.75,25.32,362.0
Central African Republic,2015,33.75,25.18,379.9
Central African Republic,2014,33.75,25.06,393.0
Central African Republic,2013,33.75,24.94,406.8
Central African Republic,2012,33.75,24.83,413.1
Central African Republic,2011,34.65,23.94,419.3
Central African Republic,2010,35.55,23.07,434.5
Central African Republic,2009,36.43,22.21,448.5
Central African Republic,2008,37.31,21.37,461.8
Central African Republic,2007,38.18,20.55,471.1
Central African Republic,2006,39.04,19.73,472.6
Central African Republic,2005,39.89,18.93,472.1
Central African Republic,2004,40.73,18.14,471.0
Central African Republic,2003,41.57,17.35,461.5
Central African Republic,2002,42.39,16.57,454.4
Central African Republic,2001,43.2,15.79,456.6
Central African Republic,2000,44.01,15.02,458.8
Chad,2017,29.47,8.34,172.3
Chad,2016,29.62,8.58,169.9
Chad,2015,29.77,8.84,167.3
Chad,2014,29.92,9.11,170.3
Chad,2013,30.07,9.4,179.4
Chad,2012,30.21,9.71,195.3
Chad,2011,30.35,10.03,210.5
Chad,2010,30.49,10.37,225.9
Chad,2009,30.62,10.73,222.9
Chad,2008,30.75,11.1,215.1
Chad,2007,30.88,11.15,210.7
Chad,2006,31.01,11.2,205.6
Chad,2005,31.14,11.26,198.9
Chad,2004,31.26,11.32,195.5
Chad,2003,31.38,11.37,203.9
Chad,2002,31.5,11.43,211.4
Chad,2001,31.62,11.49,245.0
Chad,2000,31.73,11.55,241.8
China,2017,86.15,84.76,0.0
China,2016,85.18,83.24,0.0
China,2015,84.21,81.68,0.0001
China,2014,83.23,80.08,0.0001
China,2013,82.26,78.46,0.0002
China,2012,81.28,76.8,0.0004
China,2011,80.3,75.19,0.006
China,2010,79.32,73.55,0.009
China,2009,78.33,71.86,0.016
China,2008,77.35,70.12,0.029
China,2007,76.36,68.36,0.052
China,2006,75.37,66.55,0.063
China,2005,74.38,64.71,0.039
China,2004,73.39,62.81,0.049
China,2003,72.4,60.88,0.052
China,2002,71.4,58.91,0.046
China,2001,70.4,56.9,0.039
China,2000,70.4,56.29,0.015
Colombia,2017,86.45,89.63,7.48
Colombia,2016,85.55,88.59,10.83
Colombia,2015,84.64,87.55,6.94
Colombia,2014,83.74,86.5,5.48
Colombia,2013,82.84,85.46,7.02
Colombia,2012,81.94,84.41,8.25
Colombia,2011,81.04,83.35,8.32
Colombia,2010,80.13,82.3,16.43
Colombia,2009,79.23,81.24,11.16
Colombia,2008,78.33,80.18,11.41
Colombia,2007,77.43,79.11,18.34
Colombia,2006,76.52,78.04,17.3
Colombia,2005,75.62,76.97,17.68
Colombia,2004,74.72,75.9,21.2
Colombia,2003,73.81,74.82,27.68
Colombia,2002,72.91,73.74,32.2
Colombia,2001,72.01,72.65,37.37
Colombia,2000,71.1,71.57,24.02
Comoros,2017,76.91,35.86,3.97
Comoros,2016,76.91,35.83,1.44
Comoros,2015,76.91,35.82,1.67
Comoros,2014,77.18,34.87,2.9
Comoros,2013,78.22,34.8,71.69
Comoros,2012,79.27,34.69,68.85
Comoros,2011,80.32,34.53,35.18
Comoros,2010,81.38,34.33,52.98
Comoros,2009,82.45,34.08,57.81
Comoros,2008,83.51,33.78,59.21
Comoros,2007,84.59,33.44,60.65
Comoros,2006,85.67,33.05,62.11
Comoros,2005,86.75,32.62,63.61
Comoros,2004,87.84,32.14,65.13
Comoros,2003,88.94,31.62,66.69
Comoros,2002,89.91,31.05,68.29
Comoros,2001,90.05,30.44,69.99
Comoros,2000,89.65,29.2,71.79
Congo,2017,45.72,20.17,240.6
Congo,2016,43.54,19.55,233.4
Congo,2015,41.39,18.94,226.7
Congo,2014,39.28,18.34,231.8
Congo,2013,37.21,17.76,231.0
Congo,2012,35.17,17.18,224.6
Congo,2011,33.17,16.63,224.4
Congo,2010,31.2,16.08,220.9
Congo,2009,29.27,15.55,226.3
Congo,2008,27.38,15.03,249.2
Congo,2007,25.53,14.53,281.8
Congo,2006,23.71,14.03,305.9
Congo,2005,21.93,13.55,322.8
Congo,2004,20.18,13.08,334.5
Congo,2003,18.47,12.62,338.9
Congo,2002,18.24,12.29,347.5
Congo,2001,18.01,11.97,373.1
Congo,2000,18.01,11.92,384.6
Costa Rica,2017,99.53,97.82,0.007
Costa Rica,2016,99.53,97.55,0.002
Costa Rica,2015,98.8,97.27,0.0
Costa Rica,2014,98.02,96.99,0.0
Costa Rica,2013,97.23,96.69,0.0
Costa Rica,2012,96.45,96.38,0.004
Costa Rica,2011,95.66,96.07,0.006
Costa Rica,2010,94.88,95.74,0.069
Costa Rica,2009,94.09,95.4,0.17
Costa Rica,2008,93.3,95.05,0.62
Costa Rica,2007,92.52,94.85,0.79
Costa Rica,2006,91.73,94.64,1.91
Costa Rica,2005,90.95,94.43,2.36
Costa Rica,2004,90.16,94.21,0.87
Costa Rica,2003,89.37,93.98,0.49
Costa Rica,2002,88.59,93.75,0.71
Costa Rica,2001,87.8,93.51,0.97
Costa Rica,2000,87.02,93.26,1.35
Côte d’Ivoire,2017,57.83,32.13,362.4
Côte d’Ivoire,2016,57.71,31.35,354.7
Côte d’Ivoire,2015,57.58,30.57,320.0
Côte d’Ivoire,2014,57.44,29.81,315.1
Côte d’Ivoire,2013,57.31,29.05,338.9
Côte d’Ivoire,2012,57.18,28.31,396.3
Côte d’Ivoire,2011,57.05,27.57,442.1
Côte d’Ivoire,2010,56.92,26.84,469.3
Côte d’Ivoire,2009,56.78,26.13,494.5
Côte d’Ivoire,2008,56.65,25.42,510.1
Côte d’Ivoire,2007,56.51,24.72,510.0
Côte d’Ivoire,2006,56.38,24.03,506.6
Côte d’Ivoire,2005,56.24,23.36,510.0
Côte d’Ivoire,2004,56.1,22.69,518.7
Côte d’Ivoire,2003,55.97,22.27,520.1
Côte d’Ivoire,2002,55.83,21.85,519.6
Côte d’Ivoire,2001,55.69,21.42,519.5
Côte d’Ivoire,2000,55.55,21.0,514.6
Democratic People's Republic of Korea,2017,90.19,83.16,0.46
Democratic People's Republic of Korea,2016,90.9,82.41,0.28
Democratic People's Republic of Korea,2015,91.62,81.67,0.75
Democratic People's Republic of Korea,2014,92.33,80.93,1.08
Democratic People's Republic of Korea,2013,93.05,80.2,1.48
Democratic People's Republic of Korea,2012,93.76,79.47,2.26
Democratic People's Republic of Korea,2011,94.48,78.75,1.74
Democratic People's Republic of Korea,2010,95.2,78.03,1.41
Democratic People's Republic of Korea,2009,95.91,77.32,1.53
Democratic People's Republic of Korea,2008,96.63,76.61,1.75
Democratic People's Republic of Korea,2007,97.34,75.92,0.46
Democratic People's Republic of Korea,2006,98.06,75.24,1.38
Democratic People's Republic of Korea,2005,98.78,75.23,1.21
Democratic People's Republic of Korea,2004,99.07,75.22,2.92
Democratic People's Republic of Korea,2003,99.1,75.21,1.8
Democratic People's Republic of Korea,2002,99.1,75.2,1.82
Democratic Republic of the Congo,2017,22.83,20.46,329.1
Democratic Republic of the Congo,2016,22.83,20.43,322.8
Democratic Republic of the Congo,2015,22.34,20.44,308.8
Democratic Republic of the Congo,2014,21.85,20.46,308.4
Democratic Republic of the Congo,2013,21.37,20.47,327.6
Democratic Republic of the Congo,2012,20.89,20.48,363.0
Democratic Republic of the Congo,2011,20.42,20.49,399.6
Democratic Republic of the Congo,2010,19.95,20.5,428.3
Democratic Republic of the Congo,2009,19.49,20.51,452.2
Democratic Republic of the Congo,2008,19.03,20.51,471.4
Democratic Republic of the Congo,2007,18.57,20.52,481.9
Democratic Republic of the Congo,2006,18.12,20.52,484.5
Democratic Republic of the Congo,2005,17.68,20.52,485.1
Democratic Republic of the Congo,2004,17.24,20.7,483.4
Democratic Republic of the Congo,2003,16.8,20.87,476.1
Democratic Republic of the Congo,2002,16.37,21.05,470.4
Democratic Republic of the Congo,2001,15.94,21.22,473.6
Democratic Republic of the Congo,2000,15.52,21.4,475.7
Djibouti,2017,47.06,63.61,20.72
Djibouti,2016,47.51,62.35,19.81
Djibouti,2015,47.96,61.09,13.82
Djibouti,2014,48.41,59.84,14.01
Djibouti,2013,48.86,58.59,2.54
Djibouti,2012,49.31,57.33,3.31
Djibouti,2011,49.76,56.09,3.42
Djibouti,2010,50.21,54.84,1.6
Djibouti,2009,50.66,53.59,4.33
Djibouti,2008,51.11,52.35,3.74
Djibouti,2007,51.57,51.1,3.84
Djibouti,2006,52.02,49.84,3.95
Djibouti,2005,52.47,48.59,4.06
Djibouti,2004,52.92,47.33,4.19
Djibouti,2003,53.37,47.31,4.32
Djibouti,2002,53.82,47.29,4.47
Djibouti,2001,54.27,47.26,4.64
Djibouti,2000,54.72,47.24,4.84
Dominican Republic,2017,90.28,83.89,0.06
Dominican Republic,2016,90.04,83.54,0.16
Dominican Republic,2015,89.36,83.18,0.14
Dominican Republic,2014,88.68,82.83,0.1
Dominican Republic,2013,88.0,82.47,0.14
Dominican Republic,2012,87.33,82.12,0.23
Dominican Republic,2011,86.66,81.76,0.39
Dominican Republic,2010,85.99,81.39,0.6
Dominican Republic,2009,85.32,81.01,0.4
Dominican Republic,2008,84.66,80.63,0.45
Dominican Republic,2007,83.99,80.25,0.68
Dominican Republic,2006,83.33,79.87,0.89
Dominican Republic,2005,82.68,79.49,0.99
Dominican Republic,2004,82.02,79.11,0.62
Dominican Republic,2003,81.37,78.73,0.41
Dominican Republic,2002,80.72,78.37,0.35
Dominican Republic,2001,80.07,78.06,0.28
Dominican Republic,2000,79.43,77.75,0.33
Ecuador,2017,100.0,87.99,2.61
Ecuador,2016,100.0,87.18,2.48
Ecuador,2015,81.88,86.1,1.31
Ecuador,2014,81.09,85.0,0.52
Ecuador,2013,80.3,83.89,0.8
Ecuador,2012,79.51,82.78,1.21
Ecuador,2011,78.72,81.67,2.74
Ecuador,2010,77.93,80.56,4.28
Ecuador,2009,77.15,79.43,9.57
Ecuador,2008,76.36,78.31,11.55
Ecuador,2007,75.58,77.18,20.32
Ecuador,2006,74.8,76.05,24.07
Ecuador,2005,74.02,74.91,42.32
Ecuador,2004,73.24,73.77,72.51
Ecuador,2003,72.47,72.78,133.6
Ecuador,2002,71.69,71.79,226.5
Ecuador,2001,70.92,70.76,289.4
Ecuador,2000,70.22,69.67,282.8
Egypt,2017,98.82,94.19,0.0
Egypt,2016,98.69,94.08,0.0
Egypt,2015,98.57,93.97,0.0
Egypt,2014,98.44,93.85,0.0
Egypt,2013,98.32,93.74,0.0
Egypt,2012,98.19,93.63,0.0
Egypt,2011,98.07,93.51,0.0
Egypt,2010,97.94,93.4,0.0
Egypt,2009,97.82,93.28,0.0
Egypt,2008,97.69,93.17,0.0
Egypt,2007,97.57,93.05,0.0
Egypt,2006,97.44,92.93,0.0
Egypt,2005,97.32,92.81,0.0
Egypt,2004,97.19,92.7,0.0
Egypt,2003,97.07,92.58,0.0
Egypt,2002,96.94,92.46,0.0
Egypt,2001,96.82,92.34,0.0
Egypt,2000,96.69,92.22,0.0
El Salvador,2017,92.22,87.43,0.0
El Salvador,2016,91.81,87.23,0.009
El Salvador,2015,89.25,87.01,0.002
El Salvador,2014,86.6,86.78,0.005
El Salvador,2013,83.98,86.54,0.005
El Salvador,2012,81.41,86.29,0.01
El Salvador,2011,78.86,86.03,0.008
El Salvador,2010,76.36,85.76,0.015
El Salvador,2009,73.9,85.47,0.016
El Salvador,2008,71.47,85.17,0.027
El Salvador,2007,69.08,84.86,0.032
El Salvador,2006,66.72,84.58,0.04
El Salvador,2005,64.41,84.3,0.055
El Salvador,2004,62.13,84.0,0.092
El Salvador,2003,59.89,83.7,0.07
El Salvador,2002,57.69,83.38,0.097
El Salvador,2001,55.52,83.29,0.3
El Salvador,2000,55.52,83.2,0.63
Equatorial Guinea,2017,30.78,66.31,285.7
Equatorial Guinea,2016,30.78,66.25,307.0
Equatorial Guinea,2015,30.78,66.18,339.5
Equatorial Guinea,2014,30.78,66.12,360.9
Equatorial Guinea,2013,30.78,66.05,365.7
Equatorial Guinea,2012,31.38,65.41,357.8
Equatorial Guinea,2011,31.99,64.63,342.4
Equatorial Guinea,2010,32.6,63.83,340.0
Equatorial Guinea,2009,33.21,63.01,351.3
Equatorial Guinea,2008,33.82,62.18,378.2
Equatorial Guinea,2007,34.43,61.32,398.1
Equatorial Guinea,2006,35.04,60.44,404.2
Equatorial Guinea,2005,35.65,59.55,411.5
Equatorial Guinea,2004,36.25,58.63,418.4
Equatorial Guinea,2003,36.86,57.7,415.3
Equatorial Guinea,2002,37.47,56.75,409.8
Equatorial Guinea,2001,38.08,55.78,407.2
Equatorial Guinea,2000,38.69,54.79,404.8
Eritrea,2016,27.8,11.94,25.64
Eritrea,2015,27.8,11.84,19.2
Eritrea,2014,27.8,11.74,33.12
Eritrea,2013,27.8,11.64,15.03
Eritrea,2012,27.8,11.54,16.15
Eritrea,2011,28.07,11.37,23.86
Eritrea,2010,28.33,11.2,26.33
Eritrea,2009,28.6,11.02,8.86
Eritrea,2008,28.86,10.83,6.78
Eritrea,2007,29.13,10.56,12.54
Eritrea,2006,29.4,10.26,5.63
Eritrea,2005,29.66,9.96,9.79
Eritrea,2004,29.93,9.65,5.55
Eritrea,2003,30.19,9.32,19.03
Eritrea,2002,30.46,8.99,13.23
Eritrea,2001,30.73,8.64,22.93
Eritrea,2000,30.99,8.29,21.56
Eswatini,2017,60.42,58.35,2.3
Eswatini,2016,60.42,58.37,1.12
Eswatini,2015,59.37,57.87,0.51
Eswatini,2014,58.32,57.37,2.32
Eswatini,2013,57.25,56.87,3.16
Eswatini,2012,56.17,56.36,1.86
Eswatini,2011,55.09,55.84,1.83
Eswatini,2010,54.0,55.32,0.9
Eswatini,2009,52.89,54.8,0.36
Eswatini,2008,51.78,54.26,0.2
Eswatini,2007,50.65,53.72,0.29
Eswatini,2006,49.52,53.21,0.53
Eswatini,2005,48.38,52.71,0.97
Eswatini,2004,47.23,52.22,2.0
Eswatini,2003,46.06,51.74,1.19
Eswatini,2002,44.89,51.26,2.35
Eswatini,2001,43.71,50.79,4.92
Eswatini,2000,42.52,50.14,2.88
Ethiopia,2017,31.07,7.32,36.74
Ethiopia,2016,30.11,7.09,41.41
Ethiopia,2015,29.11,6.86,52.77
Ethiopia,2014,28.06,6.64,57.1
Ethiopia,2013,26.97,6.41,111.6
Ethiopia,2012,25.83,6.18,116.2
Ethiopia,2011,24.65,5.94,116.1
Ethiopia,2010,23.42,5.71,128.4
Ethiopia,2009,22.14,5.47,123.4
Ethiopia,2008,20.82,5.23,90.66
Ethiopia,2007,19.46,4.99,121.7
Ethiopia,2006,18.04,4.77,145.5
Ethiopia,2005,16.59,4.56,161.1
Ethiopia,2004,15.08,4.34,218.8
Ethiopia,2003,13.54,4.11,183.5
Ethiopia,2002,11.94,3.88,155.3
Ethiopia,2001,10.3,3.64,157.3
Ethiopia,2000,18.7,3.4,157.3
Gabon,2017,55.05,47.41,254.2
Gabon,2016,55.05,47.37,270.7
Gabon,2015,55.05,47.32,284.4
Gabon,2014,53.59,47.15,285.7
Gabon,2013,52.57,46.19,272.8
Gabon,2012,51.52,45.25,245.5
Gabon,2011,50.45,44.31,212.7
Gabon,2010,49.35,43.38,177.8
Gabon,2009,48.23,42.45,145.9
Gabon,2008,47.09,41.54,118.9
Gabon,2007,45.92,40.63,110.7
Gabon,2006,44.72,39.72,123.9
Gabon,2005,43.5,38.83,154.3
Gabon,2004,42.25,37.94,207.4
Gabon,2003,40.98,37.06,270.8
Gabon,2002,39.69,36.18,324.1
Gabon,2001,38.37,35.32,362.0
Gabon,2000,37.02,34.46,382.8
Gambia,2017,63.37,39.23,53.02
Gambia,2016,63.37,39.12,116.5
Gambia,2015,63.37,39.01,195.0
Gambia,2014,63.67,39.95,142.0
Gambia,2013,63.98,40.92,237.0
Gambia,2012,64.28,41.94,274.8
Gambia,2011,64.58,43.0,257.3
Gambia,2010,64.88,44.1,289.3
Gambia,2009,65.18,45.25,298.0
Gambia,2008,65.48,46.45,306.8
Gambia,2007,65.78,47.69,316.0
Gambia,2006,66.07,48.99,325.7
Gambia,2005,66.37,50.33,335.9
Gambia,2004,66.67,51.73,346.9
Gambia,2003,66.96,53.3,358.5
Gambia,2002,67.25,54.93,370.5
Gambia,2001,67.55,56.28,382.7
Gambia,2000,67.84,57.65,394.9
Georgia,2017,100.0,90.02,0.0
Georgia,2016,95.71,90.25,0.0
Georgia,2015,95.26,90.49,0.0
Georgia,2014,94.82,90.73,0.0
Georgia,2013,92.67,90.98,0.0
Georgia,2012,92.23,91.24,0.0
Georgia,2011,91.79,91.5,0.0
Georgia,2010,91.36,91.76,0.0
Georgia,2009,90.92,92.04,0.024
Georgia,2008,90.48,92.32,0.14
Georgia,2007,90.04,92.6,0.58
Georgia,2006,89.6,92.89,1.41
Georgia,2005,89.16,93.19,3.68
Georgia,2004,88.73,93.49,6.08
Georgia,2003,88.29,93.8,7.45
Georgia,2002,87.85,94.25,11.13
Georgia,2001,87.41,94.71,10.19
Georgia,2000,86.97,95.06,5.62
Ghana,2017,67.54,18.47,212.6
Ghana,2016,66.79,17.81,236.0
Ghana,2015,66.04,17.15,277.2
Ghana,2014,65.28,16.49,315.8
Ghana,2013,64.51,15.85,349.3
Ghana,2012,63.74,15.21,374.3
Ghana,2011,62.97,14.57,379.5
Ghana,2010,62.19,13.95,364.2
Ghana,2009,61.41,13.33,351.4
Ghana,2008,60.62,12.72,333.7
Ghana,2007,59.83,12.12,322.3
Ghana,2006,59.03,11.52,333.3
Ghana,2005,58.23,10.94,339.0
Ghana,2004,57.43,10.36,354.1
Ghana,2003,56.62,9.79,372.8
Ghana,2002,55.8,9.23,393.2
Ghana,2001,54.98,8.67,422.1
Ghana,2000,54.03,8.56,437.5
Guatemala,2017,90.36,65.06,0.34
Guatemala,2016,89.66,65.02,0.45
Guatemala,2015,88.97,64.98,0.65
Guatemala,2014,88.27,64.93,0.55
Guatemala,2013,87.57,64.87,0.62
Guatemala,2012,86.88,64.81,0.54
Guatemala,2011,86.18,64.74,0.71
Guatemala,2010,85.47,64.66,0.87
Guatemala,2009,84.77,64.57,0.77
Guatemala,2008,84.07,64.47,0.8
Guatemala,2007,83.36,64.37,1.74
Guatemala,2006,82.66,64.25,3.62
Guatemala,2005,81.95,64.12,4.71
Guatemala,2004,81.24,63.99,3.53
Guatemala,2003,80.53,63.84,3.9
Guatemala,2002,79.82,63.67,4.58
Guatemala,2001,79.11,63.49,4.74
Guatemala,2000,78.4,63.3,7.24
Guinea,2017,48.72,22.72,311.5
Guinea,2016,49.24,21.89,331.5
Guinea,2015,49.72,21.06,356.6
Guinea,2014,50.18,20.24,381.1
Guinea,2013,50.6,19.5,408.1
Guinea,2012,50.99,18.76,427.8
Guinea,2011,51.34,18.02,426.9
Guinea,2010,51.67,17.27,414.7
Guinea,2009,51.96,16.52,398.1
Guinea,2008,52.21,15.76,370.2
Guinea,2007,52.44,15.0,343.7
Guinea,2006,52.63,14.24,335.5
Guinea,2005,52.79,13.48,342.0
Guinea,2004,52.92,12.71,369.5
Guinea,2003,53.01,11.94,404.5
Guinea,2002,53.07,11.1,428.3
Guinea,2001,53.1,10.27,450.8
Guinea,2000,53.1,9.43,458.1
Guinea-Bissau,2017,53.48,20.54,78.33
Guinea-Bissau,2016,53.48,20.42,71.35
Guinea-Bissau,2015,52.76,19.82,79.77
Guinea-Bissau,2014,52.03,19.23,93.9
Guinea-Bissau,2013,51.3,18.64,113.4
Guinea-Bissau,2012,50.56,18.07,128.7
Guinea-Bissau,2011,49.82,17.49,140.6
Guinea-Bissau,2010,49.07,16.92,134.4
Guinea-Bissau,2009,48.32,16.36,113.8
Guinea-Bissau,2008,47.57,15.8,89.02
Guinea-Bissau,2007,46.82,15.25,72.81
Guinea-Bissau,2006,46.06,14.7,78.0
Guinea-Bissau,2005,45.29,14.16,98.45
Guinea-Bissau,2004,44.52,13.62,146.4
Guinea-Bissau,2003,43.75,13.12,227.0
Guinea-Bissau,2002,42.97,12.63,311.1
Guinea-Bissau,2001,42.19,12.14,395.7
Guinea-Bissau,2000,41.41,11.65,474.5
Guyana,2017,100.0,85.76,32.55
Guyana,2016,100.0,85.76,24.98
Guyana,2015,100.0,85.35,23.49
Guyana,2014,92.92,84.93,29.23
Guyana,2013,92.41,84.52,75.68
Guyana,2012,91.91,84.1,57.7
Guyana,2011,91.4,83.68,54.65
Guyana,2010,90.9,83.28,43.8
Guyana,2009,90.4,82.87,26.85
Guyana,2008,89.89,82.46,24.03
Guyana,2007,89.39,82.05,21.03
Guyana,2006,88.89,81.63,37.02
Guyana,2005,88.39,81.21,73.15
Guyana,2004,87.89,80.79,54.2
Guyana,2003,87.38,80.37,51.91
Guyana,2002,86.88,79.85,41.16
Guyana,2001,86.38,79.33,50.96
Guyana,2000,85.88,78.81,45.03
Haiti,2017,42.64,34.7,3.55
Haiti,2016,42.53,33.6,3.8
Haiti,2015,42.42,32.5,3.44
Haiti,2014,42.3,31.41,3.49
Haiti,2013,42.19,30.33,5.31
Haiti,2012,42.07,29.26,6.53
Haiti,2011,41.95,28.21,9.03
Haiti,2010,41.83,27.16,8.73
Haiti,2009,41.7,26.12,9.01
Haiti,2008,41.58,25.09,10.39
Haiti,2007,41.45,24.06,8.64
Haiti,2006,41.32,23.05,9.73
Haiti,2005,41.18,22.05,10.23
Haiti,2004,41.05,21.05,10.56
Haiti,2003,40.91,20.05,10.91
Haiti,2002,40.77,18.94,11.28
Haiti,2001,40.63,17.84,11.67
Haiti,2000,40.48,16.75,12.07
Honduras,2017,88.87,81.25,0.22
Honduras,2016,88.09,80.24,0.74
Honduras,2015,87.31,79.22,0.59
Honduras,2014,86.52,78.22,0.56
Honduras,2013,85.78,77.2,0.92
Honduras,2012,85.04,76.16,1.11
Honduras,2011,84.29,75.12,1.32
Honduras,2010,83.55,74.06,1.77
Honduras,2009,82.81,72.98,1.75
Honduras,2008,82.06,71.89,1.62
Honduras,2007,81.31,70.78,2.12
Honduras,2006,80.57,69.66,2.49
Honduras,2005,79.82,68.52,3.46
Honduras,2004,79.07,67.37,3.81
Honduras,2003,78.32,66.2,3.2
Honduras,2002,77.57,65.02,4.02
Honduras,2001,76.78,63.82,5.79
Honduras,2000,75.99,62.64,8.65
India,2017,91.0,59.54,7.47
India,2016,89.95,56.94,9.99
India,2015,88.9,54.35,9.67
India,2014,87.87,51.75,9.2
India,2013,86.83,49.17,9.16
India,2012,85.81,46.59,11.85
India,2011,84.79,44.03,14.76
India,2010,83.77,41.47,17.52
India,2009,82.76,38.92,18.2
India,2008,81.76,36.37,17.93
India,2007,80.76,33.83,17.34
India,2006,79.77,31.3,18.23
India,2005,78.78,28.78,22.69
India,2004,77.8,26.27,21.27
India,2003,76.83,23.76,19.42
India,2002,75.86,21.27,18.5
India,2001,74.89,18.78,19.96
India,2000,74.28,16.37,19.93
Indonesia,2017,81.98,73.13,6.77
Indonesia,2016,81.07,71.25,5.54
Indonesia,2015,80.16,69.38,5.38
Indonesia,2014,79.24,67.5,6.1
Indonesia,2013,78.32,65.62,8.13
Indonesia,2012,77.4,63.75,9.68
Indonesia,2011,76.47,61.87,9.89
Indonesia,2010,75.54,60.0,11.02
Indonesia,2009,74.61,58.1,7.3
Indonesia,2008,73.68,56.2,7.5
Indonesia,2007,72.74,54.3,7.7
Indonesia,2006,71.8,52.4,8.09
Indonesia,2005,70.85,50.5,9.74
Indonesia,2004,69.8,48.61,6.52
Indonesia,2003,68.75,46.72,8.57
Indonesia,2002,67.7,44.84,8.8
Indonesia,2001,66.66,42.96,9.05
Indonesia,2000,65.61,41.09,9.3
Iran (Islamic Republic of),2017,89.01,88.42,0.073
Iran (Islamic Republic of),2016,89.01,88.36,0.1
Iran (Islamic Republic of),2015,89.01,88.29,0.21
Iran (Islamic Republic of),2014,89.01,88.22,0.45
Iran (Islamic Republic of),2013,89.01,88.15,0.61
Iran (Islamic Republic of),2012,89.09,88.1,0.98
Iran (Islamic Republic of),2011,89.16,88.04,2.14
Iran (Islamic Republic of),2010,89.23,87.99,2.45
Iran (Islamic Republic of),2009,89.3,87.93,5.83
Iran (Islamic Republic of),2008,89.37,87.87,11.33
Iran (Islamic Republic of),2007,89.44,87.81,21.56
Iran (Islamic Republic of),2006,89.52,87.75,22.08
Iran (Islamic Republic of),2005,89.59,87.68,26.62
Iran (Islamic Republic of),2004,89.66,87.61,19.62
Iran (Islamic Republic of),2003,89.66,87.52,33.86
Iran (Islamic Republic of),2002,89.66,87.43,22.64
Iran (Islamic Republic of),2001,89.66,87.34,28.44
Iran (Islamic Republic of),2000,89.66,87.25,29.41
Iraq,2017,91.06,94.12,0.0
Iraq,2016,88.81,92.43,0.0
Iraq,2015,86.56,90.74,0.0
Iraq,2014,84.3,89.07,0.0
Iraq,2013,82.05,87.4,0.0
Iraq,2012,79.8,85.74,0.0
Iraq,2011,77.55,84.09,0.0
Iraq,2010,75.3,82.44,0.0
Iraq,2009,73.05,80.82,0.0
Iraq,2008,70.81,79.21,0.0005
Iraq,2007,68.56,77.61,0.0006
Iraq,2006,66.32,76.02,0.006
Iraq,2005,64.08,74.45,0.013
Iraq,2004,61.83,72.88,0.043
Iraq,2003,59.59,72.41,0.086
Iraq,2002,57.35,71.94,0.29
Iraq,2001,55.12,71.47,0.4
Iraq,2000,52.88,71.0,0.61
Kazakhstan,2017,92.31,97.87,0.0
Kazakhstan,2016,91.03,97.81,0.0
Kazakhstan,2015,89.76,97.74,0.0
Kazakhstan,2014,88.5,97.67,0.0
Kazakhstan,2013,87.24,97.6,0.0
Kazakhstan,2012,85.99,97.53,0.0
Kazakhstan,2011,84.76,97.46,0.0
Kazakhstan,2010,83.53,97.4,0.0
Kazakhstan,2009,82.31,97.33,0.0
Kazakhstan,2008,81.1,97.26,0.0
Kazakhstan,2007,79.9,97.19,0.0
Kazakhstan,2006,78.7,97.12,0.0
Kazakhstan,2005,77.52,97.05,0.0
Kazakhstan,2004,76.34,96.98,0.0
Kazakhstan,2003,75.18,96.92,0.0
Kazakhstan,2002,74.02,96.86,0.0
Kazakhstan,2001,72.87,96.8,0.0
Kazakhstan,2000,72.36,96.8,0.0
Kenya,2017,49.61,29.05,70.1
Kenya,2016,48.9,29.3,70.38
Kenya,2015,48.18,29.55,72.17
Kenya,2014,47.46,29.8,83.87
Kenya,2013,46.74,30.06,82.48
Kenya,2012,46.02,30.32,73.36
Kenya,2011,45.3,30.59,67.86
Kenya,2010,44.57,30.86,67.71
Kenya,2009,43.84,31.13,67.94
Kenya,2008,43.12,31.41,67.68
Kenya,2007,42.38,31.69,78.02
Kenya,2006,41.65,31.98,100.1
Kenya,2005,40.91,32.27,127.3
Kenya,2004,40.18,32.56,166.2
Kenya,2003,39.44,32.86,196.7
Kenya,2002,38.7,33.16,207.0
Kenya,2001,37.95,33.46,212.5
Kenya,2000,37.21,33.59,213.2
Kyrgyzstan,2017,81.98,96.51,0.0
Kyrgyzstan,2016,81.98,96.52,0.0
Kyrgyzstan,2015,81.39,96.54,0.0
Kyrgyzstan,2014,80.81,96.56,0.0
Kyrgyzstan,2013,80.22,96.34,0.0
Kyrgyzstan,2012,79.63,96.03,0.0
Kyrgyzstan,2011,79.04,95.71,0.0
Kyrgyzstan,2010,78.45,95.4,0.0007
Kyrgyzstan,2009,77.85,95.08,0.001
Kyrgyzstan,2008,77.26,94.77,0.004
Kyrgyzstan,2007,76.67,94.45,0.024
Kyrgyzstan,2006,76.07,94.14,0.079
Kyrgyzstan,2005,75.48,93.82,0.057
Kyrgyzstan,2004,74.88,93.51,0.024
Kyrgyzstan,2003,74.22,93.17,0.12
Kyrgyzstan,2002,73.57,92.83,0.7
Kyrgyzstan,2001,72.91,92.49,0.007
Kyrgyzstan,2000,72.91,92.49,0.003
Lao People's Democratic Republic,2017,75.58,74.46,5.63
Lao People's Democratic Republic,2016,73.35,71.93,7.77
Lao People's Democratic Republic,2015,71.11,69.39,22.3
Lao People's Democratic Republic,2014,68.88,66.83,29.9
Lao People's Democratic Republic,2013,66.65,64.26,23.3
Lao People's Democratic Republic,2012,64.43,61.67,28.76
Lao People's Democratic Republic,2011,62.21,59.07,10.87
Lao People's Democratic Republic,2010,59.99,56.45,15.74
Lao People's Democratic Republic,2009,57.78,53.83,15.03
Lao People's Democratic Republic,2008,55.57,51.18,21.5
Lao People's Democratic Republic,2007,53.36,48.52,22.22
Lao People's Democratic Republic,2006,51.15,45.85,23.26
Lao People's Democratic Republic,2005,48.95,43.16,12.96
Lao People's Democratic Republic,2004,46.75,40.28,16.53
Lao People's Democratic Republic,2003,44.56,37.31,20.04
Lao People's Democratic Republic,2002,42.37,34.31,22.21
Lao People's Democratic Republic,2001,40.18,31.31,29.55
Lao People's Democratic Republic,2000,37.99,28.3,62.72
Liberia,2017,61.96,16.97,401.1
Liberia,2016,61.39,16.83,386.3
Liberia,2015,60.81,16.69,347.0
Liberia,2014,60.21,16.54,337.6
Liberia,2013,59.61,16.39,317.3
Liberia,2012,59.0,16.23,307.9
Liberia,2011,58.37,16.08,330.4
Liberia,2010,57.74,15.92,345.8
Liberia,2009,57.09,15.75,368.8
Liberia,2008,56.44,15.59,383.3
Liberia,2007,55.77,15.42,383.2
Liberia,2006,55.1,15.25,388.8
Liberia,2005,54.41,15.08,404.6
Liberia,2004,53.43,14.76,428.7
Liberia,2003,52.46,14.44,446.4
Liberia,2002,51.48,14.13,461.7
Liberia,2001,50.51,13.82,475.2
Liberia,2000,49.53,13.52,478.3
Madagascar,2017,36.33,10.51,75.67
Madagascar,2016,35.55,10.12,56.58
Madagascar,2015,34.78,9.74,97.32
Madagascar,2014,34.01,9.36,45.78
Madagascar,2013,33.24,8.99,65.21
Madagascar,2012,32.48,8.62,71.36
Madagascar,2011,31.73,8.26,36.55
Madagascar,2010,30.98,7.9,42.24
Madagascar,2009,30.24,7.54,42.92
Madagascar,2008,29.5,7.19,23.47
Madagascar,2007,28.77,6.84,22.78
Madagascar,2006,28.04,6.49,35.26
Madagascar,2005,27.32,6.15,35.94
Madagascar,2004,26.6,5.8,46.62
Madagascar,2003,25.89,5.49,68.29
Madagascar,2002,25.19,5.17,53.68
Madagascar,2001,24.49,4.86,68.18
Madagascar,2000,23.79,4.55,57.17
Malawi,2017,65.42,26.23,216.3
Malawi,2016,64.36,25.9,210.7
Malawi,2015,63.31,25.58,217.0
Malawi,2014,62.25,25.26,237.0
Malawi,2013,61.19,24.94,267.9
Malawi,2012,60.13,24.62,314.0
Malawi,2011,59.07,24.3,362.8
Malawi,2010,58.01,23.98,386.0
Malawi,2009,56.94,23.66,394.3
Malawi,2008,55.88,23.34,392.0
Malawi,2007,54.81,23.03,370.1
Malawi,2006,53.74,22.71,342.3
Malawi,2005,52.67,22.39,329.5
Malawi,2004,51.6,22.07,337.6
Malawi,2003,50.52,21.76,363.8
Malawi,2002,49.44,21.44,397.8
Malawi,2001,48.37,21.12,426.4
Malawi,2000,47.29,20.8,426.5
Malaysia,2017,89.34,99.57,0.068
Malaysia,2016,89.64,99.56,0.22
Malaysia,2015,89.93,99.56,0.2
Malaysia,2014,90.23,99.55,2.63
Malaysia,2013,90.53,99.38,2.48
Malaysia,2012,90.83,99.2,3.15
Malaysia,2011,91.13,99.02,3.45
Malaysia,2010,91.42,98.84,4.6
Malaysia,2009,91.72,98.66,5.37
Malaysia,2008,92.02,98.47,5.57
Malaysia,2007,92.32,98.27,3.79
Malaysia,2006,92.62,98.07,5.05
Malaysia,2005,92.91,97.87,5.42
Malaysia,2004,93.21,97.67,6.11
Malaysia,2003,93.51,97.46,6.42
Malaysia,2002,93.81,97.24,11.38
Malaysia,2001,94.11,97.02,13.48
Malaysia,2000,94.11,96.8,13.69
Mali,2017,68.35,39.34,386.8
Mali,2016,66.46,37.75,384.2
Mali,2015,64.59,36.18,391.8
Mali,2014,62.72,34.65,441.0
Mali,2013,60.87,33.13,452.8
Mali,2012,59.02,31.64,435.7
Mali,2011,57.19,30.19,404.7
Mali,2010,55.37,28.75,383.6
Mali,2009,53.55,27.35,374.6
Mali,2008,51.75,25.98,379.1
Mali,2007,49.96,24.64,388.8
Mali,2006,48.18,23.33,405.7
Mali,2005,46.41,22.05,431.2
Mali,2004,44.65,20.81,429.4
Mali,2003,42.9,19.6,423.8
Mali,2002,41.17,18.43,416.5
Mali,2001,39.44,17.29,407.4
Mali,2000,37.85,16.19,406.2
Mauritania,2017,49.91,48.44,55.49
Mauritania,2016,48.29,45.93,71.5
Mauritania,2015,46.69,43.5,61.61
Mauritania,2014,45.11,41.14,49.2
Mauritania,2013,43.55,38.86,33.22
Mauritania,2012,42.0,36.64,28.42
Mauritania,2011,40.47,34.51,47.58
Mauritania,2010,38.96,32.44,38.83
Mauritania,2009,37.46,30.46,31.64
Mauritania,2008,35.99,28.54,61.14
Mauritania,2007,34.53,26.69,70.77
Mauritania,2006,33.09,24.91,72.44
Mauritania,2005,31.67,23.19,81.78
Mauritania,2004,30.26,22.0,90.82
Mauritania,2003,28.88,20.81,113.5
Mauritania,2002,27.51,19.65,118.6
Mauritania,2001,26.16,18.49,151.3
Mauritania,2000,25.02,17.44,148.0
Mexico,2017,100.0,91.18,0.28
Mexico,2016,95.44,90.3,0.21
Mexico,2015,94.26,89.42,0.2
Mexico,2014,93.09,88.52,0.26
Mexico,2013,91.91,87.62,0.2
Mexico,2012,90.73,86.72,0.33
Mexico,2011,89.56,85.8,0.46
Mexico,2010,88.38,84.88,0.51
Mexico,2009,87.21,83.95,1.13
Mexico,2008,86.03,83.02,1.0
Mexico,2007,84.43,82.07,1.02
Mexico,2006,82.77,81.12,1.1
Mexico,2005,81.13,80.15,1.32
Mexico,2004,79.51,79.18,1.54
Mexico,2003,77.89,78.2,1.75
Mexico,2002,76.29,77.21,2.14
Mexico,2001,74.71,76.21,2.35
Mexico,2000,73.13,75.2,3.52
Morocco,2017,70.73,88.5,0.0
Morocco,2016,70.73,88.42,0.0
Morocco,2015,67.69,87.54,0.0
Morocco,2014,64.71,86.65,0.0
Morocco,2013,61.77,85.74,0.0
Morocco,2012,58.88,84.2,0.0
Morocco,2011,56.04,82.65,0.0
Morocco,2010,53.25,81.1,0.0
Morocco,2009,50.51,79.54,0.0
Morocco,2008,47.81,77.98,0.0
Morocco,2007,45.16,76.41,0.0
Morocco,2006,42.57,74.84,0.0
Morocco,2005,40.02,73.27,0.0
Morocco,2004,37.51,71.7,0.0
Morocco,2003,35.06,70.05,0.0001
Morocco,2002,32.65,68.42,0.0007
Morocco,2001,30.3,66.79,0.0
Morocco,2000,28.34,65.71,0.0001
Mozambique,2017,39.96,29.36,326.4
Mozambique,2016,37.74,28.11,344.8
Mozambique,2015,35.54,26.87,355.9
Mozambique,2014,33.35,25.64,364.8
Mozambique,2013,31.17,24.43,377.0
Mozambique,2012,29.01,23.22,381.8
Mozambique,2011,26.86,22.03,389.9
Mozambique,2010,24.72,20.86,398.4
Mozambique,2009,22.59,19.69,402.3
Mozambique,2008,20.48,18.54,399.8
Mozambique,2007,18.39,17.41,399.4
Mozambique,2006,16.3,16.39,403.9
Mozambique,2005,14.23,15.37,417.9
Mozambique,2004,12.17,14.37,455.5
Mozambique,2003,10.13,13.37,488.1
Mozambique,2002,23.39,12.38,499.5
Mozambique,2001,21.4,11.41,507.7
Mozambique,2000,19.9,10.46,492.6
Myanmar,2017,76.91,64.33,3.8
Myanmar,2016,75.86,64.71,5.12
Myanmar,2015,74.82,65.09,8.69
Myanmar,2014,72.98,65.47,12.33
Myanmar,2013,70.15,65.86,19.83
Myanmar,2012,67.37,66.24,61.86
Myanmar,2011,64.65,66.63,43.49
Myanmar,2010,61.97,67.01,66.98
Myanmar,2009,59.35,67.4,49.9
Myanmar,2008,56.78,67.78,52.96
Myanmar,2007,54.26,68.17,43.54
Myanmar,2006,51.79,68.56,34.69
Myanmar,2005,49.37,68.95,50.79
Myanmar,2004,47.0,69.33,51.6
Myanmar,2003,44.69,69.72,52.5
Myanmar,2002,42.43,70.11,53.49
Myanmar,2001,40.22,70.5,54.57
Myanmar,2000,38.06,70.89,55.76
Namibia,2017,69.22,34.5,46.75
Namibia,2016,69.05,34.21,22.12
Namibia,2015,68.89,33.9,10.88
Namibia,2014,68.73,33.57,14.49
Namibia,2013,68.57,33.23,4.55
Namibia,2012,68.41,32.87,3.36
Namibia,2011,68.25,32.51,2.13
Namibia,2010,68.09,32.14,1.54
Namibia,2009,67.93,31.76,3.36
Namibia,2008,67.76,31.37,7.46
Namibia,2007,67.6,30.97,12.97
Namibia,2006,67.44,30.55,43.57
Namibia,2005,67.28,30.13,42.45
Namibia,2004,67.12,29.7,69.67
Namibia,2003,66.95,29.26,45.3
Namibia,2002,66.79,28.82,47.9
Namibia,2001,66.63,28.39,71.09
Namibia,2000,66.47,28.11,58.15
Nepal,2017,88.73,62.05,0.39
Nepal,2016,88.11,58.87,0.43
Nepal,2015,87.48,55.74,0.57
Nepal,2014,86.85,52.66,0.63
Nepal,2013,86.23,49.63,1.31
Nepal,2012,85.6,46.66,2.34
Nepal,2011,84.97,43.73,3.03
Nepal,2010,84.34,40.86,3.87
Nepal,2009,83.71,38.05,3.29
Nepal,2008,83.07,35.29,4.16
Nepal,2007,82.44,32.58,5.72
Nepal,2006,81.81,29.93,4.89
Nepal,2005,81.17,27.33,5.01
Nepal,2004,80.53,24.79,4.9
Nepal,2003,79.9,22.3,10.41
Nepal,2002,79.26,19.87,12.35
Nepal,2001,78.62,17.49,8.21
Nepal,2000,77.98,15.12,7.18
Nicaragua,2017,59.11,74.43,4.98
Nicaragua,2016,59.25,74.39,2.89
Nicaragua,2015,59.5,73.39,1.06
Nicaragua,2014,59.76,72.4,0.54
Nicaragua,2013,60.01,71.4,0.56
Nicaragua,2012,60.27,70.4,0.6
Nicaragua,2011,60.52,69.4,0.45
Nicaragua,2010,60.78,68.39,0.34
Nicaragua,2009,61.04,67.39,0.31
Nicaragua,2008,61.29,66.39,0.39
Nicaragua,2007,61.55,65.38,0.7
Nicaragua,2006,61.81,64.37,1.64
Nicaragua,2005,62.07,63.36,3.54
Nicaragua,2004,62.33,62.37,3.73
Nicaragua,2003,62.58,61.37,3.68
Nicaragua,2002,62.84,60.37,4.28
Nicaragua,2001,63.11,59.37,5.91
Nicaragua,2000,63.37,58.37,13.54
Niger,2017,43.62,13.57,356.6
Niger,2016,42.62,13.16,358.7
Niger,2015,41.6,12.75,369.8
Niger,2014,40.57,12.33,400.3
Niger,2013,39.52,11.91,420.5
Niger,2012,38.45,11.47,430.5
Niger,2011,37.37,11.02,427.9
Niger,2010,36.27,10.56,425.6
Niger,2009,35.16,10.09,419.1
Niger,2008,34.03,9.6,409.1
Niger,2007,32.88,9.1,386.7
Niger,2006,31.72,8.58,370.7
Niger,2005,30.54,8.06,355.2
Niger,2004,29.35,7.51,362.8
Niger,2003,28.14,6.91,346.8
Niger,2002,26.91,6.3,328.3
Niger,2001,25.67,5.7,317.5
Niger,2000,24.41,5.07,317.3
Nigeria,2017,55.59,39.17,283.1
Nigeria,2016,54.35,38.41,281.4
Nigeria,2015,53.11,37.68,296.1
Nigeria,2014,51.88,36.96,314.4
Nigeria,2013,50.65,36.27,328.7
Nigeria,2012,49.42,35.59,347.7
Nigeria,2011,48.19,34.94,372.6
Nigeria,2010,46.96,34.31,398.9
Nigeria,2009,45.74,33.7,416.6
Nigeria,2008,44.52,33.1,424.7
Nigeria,2007,43.3,32.53,421.3
Nigeria,2006,42.08,31.98,418.2
Nigeria,2005,40.87,31.44,415.3
Nigeria,2004,39.66,30.93,411.4
Nigeria,2003,38.45,30.43,409.2
Nigeria,2002,37.24,29.95,413.0
Nigeria,2001,36.04,29.49,429.0
Nigeria,2000,34.88,29.52,438.8
Oman,2017,77.9,100.0,0.0
Oman,2016,77.9,100.0,0.0
Oman,2015,77.9,100.0,0.0
Oman,2014,76.41,99.84,0.0
Oman,2013,74.16,99.54,0.0
Oman,2012,71.92,98.88,0.0
Oman,2011,69.67,97.99,0.0
Oman,2010,67.42,97.07,0.002
Oman,2009,65.17,96.17,0.0
Oman,2008,62.92,95.26,0.0
Oman,2007,60.67,94.33,0.0
Oman,2006,58.43,93.38,0.0
Oman,2005,56.18,92.42,0.0
Oman,2004,56.18,91.45,0.0
Oman,2003,56.18,90.5,0.0
Oman,2002,56.18,89.59,0.0
Oman,2001,56.18,88.69,0.0009
Pakistan,2017,89.88,59.87,4.75
Pakistan,2016,89.36,58.26,6.01
Pakistan,2015,88.84,56.64,5.06
Pakistan,2014,88.31,55.19,7.15
Pakistan,2013,87.79,53.71,7.55
Pakistan,2012,87.27,52.2,8.98
Pakistan,2011,86.76,50.66,10.57
Pakistan,2010,86.24,49.07,8.2
Pakistan,2009,85.72,47.46,5.89
Pakistan,2008,85.21,45.81,4.53
Pakistan,2007,84.7,44.12,5.06
Pakistan,2006,84.19,42.4,5.28
Pakistan,2005,83.68,40.64,5.36
Pakistan,2004,83.17,38.8,4.44
Pakistan,2003,82.66,36.95,6.14
Pakistan,2002,82.15,35.1,6.57
Pakistan,2001,81.65,33.24,7.23
Pakistan,2000,81.49,31.37,7.33
Panama,2017,92.86,83.32,0.2
Panama,2016,91.69,82.23,0.21
Panama,2015,90.52,81.14,0.15
Panama,2014,89.49,79.75,0.27
Panama,2013,88.46,78.36,0.2
Panama,2012,87.42,76.98,0.24
Panama,2011,86.38,75.61,0.1
Panama,2010,85.33,74.24,0.12
Panama,2009,84.29,72.88,0.24
Panama,2008,83.23,71.53,0.23
Panama,2007,82.18,70.17,0.4
Panama,2006,81.12,68.83,0.53
Panama,2005,80.06,67.48,1.2
Panama,2004,78.99,66.15,1.7
Panama,2003,77.92,64.81,1.53
Panama,2002,76.85,63.48,0.78
Panama,2001,75.7,62.15,0.33
Panama,2000,74.51,61.07,0.37
Papua New Guinea,2017,34.63,12.95,177.8
Papua New Guinea,2016,34.0,13.54,177.6
Papua New Guinea,2015,33.38,14.13,131.5
Papua New Guinea,2014,32.76,14.73,243.0
Papua New Guinea,2013,32.14,15.33,215.4
Papua New Guinea,2012,31.52,15.94,169.9
Papua New Guinea,2011,30.89,16.55,140.0
Papua New Guinea,2010,30.27,17.16,169.6
Papua New Guinea,2009,29.65,17.76,248.3
Papua New Guinea,2008,29.03,18.37,190.1
Papua New Guinea,2007,28.4,18.99,205.4
Papua New Guinea,2006,27.78,19.61,246.7
Papua New Guinea,2005,27.16,20.22,238.5
Papua New Guinea,2004,26.54,20.84,291.7
Papua New Guinea,2003,26.54,20.85,230.1
Papua New Guinea,2002,26.54,20.86,215.5
Papua New Guinea,2001,26.54,20.87,254.3
Papua New Guinea,2000,26.54,20.88,260.6
Paraguay,2017,99.16,89.78,0.0
Paraguay,2016,97.02,88.73,0.0
Paraguay,2015,94.27,87.67,0.0
Paraguay,2014,91.52,86.6,0.0
Paraguay,2013,88.76,85.52,0.0
Paraguay,2012,86.01,84.43,0.0
Paraguay,2011,83.25,83.32,0.004
Paraguay,2010,80.48,82.21,0.08
Paraguay,2009,77.72,81.09,0.41
Paraguay,2008,74.95,79.96,1.59
Paraguay,2007,72.18,78.82,6.21
Paraguay,2006,69.41,77.67,3.87
Paraguay,2005,66.63,76.51,1.79
Paraguay,2004,63.85,75.34,3.36
Paraguay,2003,61.07,74.16,6.86
Paraguay,2002,58.29,72.95,13.95
Paraguay,2001,55.5,71.66,13.87
Paraguay,2000,52.69,70.34,35.76
Peru,2017,75.58,74.34,5.87
Peru,2016,74.16,73.85,6.0
Peru,2015,72.73,73.34,7.85
Peru,2014,71.31,72.83,7.1
Peru,2013,69.88,72.32,5.36
Peru,2012,68.46,71.79,3.49
Peru,2011,67.03,71.26,2.69
Peru,2010,65.61,70.72,3.32
Peru,2009,64.18,70.17,4.6
Peru,2008,62.75,69.62,4.87
Peru,2007,61.32,69.03,5.63
Peru,2006,59.9,68.39,7.25
Peru,2005,58.47,67.73,9.88
Peru,2004,57.04,67.05,10.64
Peru,2003,55.61,66.36,10.4
Peru,2002,54.18,65.66,12.12
Peru,2001,52.75,64.94,9.98
Peru,2000,51.32,64.2,9.07
Philippines,2017,89.96,76.53,0.31
Philippines,2016,89.32,75.4,0.29
Philippines,2015,88.68,74.26,0.47
Philippines,2014,88.04,73.14,0.25
Philippines,2013,87.4,72.02,0.31
Philippines,2012,86.76,70.91,0.34
Philippines,2011,86.13,69.8,0.43
Philippines,2010,85.49,68.7,0.98
Philippines,2009,84.86,67.64,1.09
Philippines,2008,84.23,66.6,1.41
Philippines,2007,83.6,65.57,2.17
Philippines,2006,82.97,64.55,2.33
Philippines,2005,82.34,64.14,3.03
Philippines,2004,81.71,63.74,3.45
Philippines,2003,81.09,63.34,3.25
Philippines,2002,80.46,62.93,2.56
Philippines,2001,79.84,62.53,2.44
Philippines,2000,79.32,62.13,2.64
Republic of Korea,2017,99.79,100.0,0.12
Republic of Korea,2016,99.68,100.0,0.17
Republic of Korea,2015,99.56,100.0,0.18
Republic of Korea,2014,99.45,100.0,0.16
Republic of Korea,2013,99.34,100.0,0.11
Republic of Korea,2012,99.23,100.0,0.11
Republic of Korea,2011,99.11,100.0,0.14
Republic of Korea,2010,99.0,100.0,0.37
Republic of Korea,2009,98.89,100.0,0.26
Republic of Korea,2008,98.78,100.0,0.31
Republic of Korea,2007,98.67,100.0,0.65
Republic of Korea,2006,98.55,100.0,0.6
Republic of Korea,2005,98.55,100.0,0.4
Republic of Korea,2004,98.55,100.0,0.25
Republic of Korea,2003,98.55,100.0,0.35
Republic of Korea,2002,98.55,100.0,0.54
Rwanda,2017,52.64,66.57,538.3
Rwanda,2016,51.93,65.41,585.5
Rwanda,2015,51.22,64.24,342.0
Rwanda,2014,50.51,63.06,219.8
Rwanda,2013,49.81,61.87,121.4
Rwanda,2012,49.11,60.67,71.46
Rwanda,2011,48.42,59.47,39.29
Rwanda,2010,47.72,58.26,126.3
Rwanda,2009,47.04,57.04,158.2
Rwanda,2008,46.35,55.82,72.03
Rwanda,2007,45.67,54.6,90.64
Rwanda,2006,44.99,53.36,154.0
Rwanda,2005,44.32,52.13,154.6
Rwanda,2004,43.65,50.88,126.8
Rwanda,2003,42.98,49.63,144.9
Rwanda,2002,42.32,48.36,171.7
Rwanda,2001,41.66,46.92,213.4
Rwanda,2000,41.0,45.44,223.2
Sao Tome and Principe,2017,76.95,42.97,10.81
Sao Tome and Principe,2016,76.95,42.83,11.01
Sao Tome and Principe,2015,75.72,41.36,10.32
Sao Tome and Principe,2014,74.5,39.9,8.96
Sao Tome and Principe,2013,73.28,38.43,48.12
Sao Tome and Principe,2012,72.07,36.96,56.8
Sao Tome and Principe,2011,70.87,35.49,45.75
Sao Tome and Principe,2010,69.68,34.03,15.19
Sao Tome and Principe,2009,68.5,32.58,35.15
Sao Tome and Principe,2008,67.32,31.14,36.57
Sao Tome and Principe,2007,66.15,29.71,14.56
Sao Tome and Principe,2006,64.99,28.28,31.83
Sao Tome and Principe,2005,63.84,26.87,115.2
Sao Tome and Principe,2004,62.69,25.47,302.4
Sao Tome and Principe,2003,61.55,24.17,283.6
Sao Tome and Principe,2002,60.43,22.89,343.1
Sao Tome and Principe,2001,59.3,21.62,290.7
Sao Tome and Principe,2000,58.19,20.39,224.8
Saudi Arabia,2017,100.0,100.0,0.067
Saudi Arabia,2016,99.86,99.91,0.1
Saudi Arabia,2015,99.69,99.8,0.033
Saudi Arabia,2014,99.51,99.69,0.012
Saudi Arabia,2013,99.33,99.59,0.014
Saudi Arabia,2012,99.16,99.48,0.035
Saudi Arabia,2011,98.98,99.37,0.03
Saudi Arabia,2010,98.8,99.27,0.013
Saudi Arabia,2009,98.63,99.16,0.027
Saudi Arabia,2008,98.45,99.05,0.029
Saudi Arabia,2007,98.27,98.94,0.23
Saudi Arabia,2006,98.1,98.84,0.65
Saudi Arabia,2005,97.92,98.73,0.56
Saudi Arabia,2004,97.74,98.62,0.66
Saudi Arabia,2003,97.57,98.52,0.96
Saudi Arabia,2002,97.39,98.41,1.5
Saudi Arabia,2001,97.39,98.41,1.81
Saudi Arabia,2000,97.39,98.41,3.99
Senegal,2017,70.46,51.47,52.35
Senegal,2016,68.52,50.78,45.66
Senegal,2015,66.61,50.09,69.8
Senegal,2014,64.7,49.38,39.51
Senegal,2013,62.82,48.67,67.9
Senegal,2012,60.96,47.95,56.92
Senegal,2011,59.11,47.23,49.91
Senegal,2010,57.28,46.49,59.28
Senegal,2009,55.47,45.75,57.12
Senegal,2008,53.67,45.0,86.42
Senegal,2007,51.9,44.24,101.9
Senegal,2006,50.14,43.48,117.7
Senegal,2005,48.4,42.71,110.8
Senegal,2004,46.68,41.93,125.7
Senegal,2003,44.97,41.14,164.9
Senegal,2002,43.29,40.4,193.5
Senegal,2001,41.62,39.7,239.5
Senegal,2000,39.97,38.89,255.6
Sierra Leone,2017,50.14,15.65,364.1
Sierra Leone,2016,48.52,15.29,391.3
Sierra Leone,2015,46.9,14.94,403.7
Sierra Leone,2014,45.28,14.59,409.3
Sierra Leone,2013,43.66,14.24,432.7
Sierra Leone,2012,42.05,13.89,447.5
Sierra Leone,2011,40.44,13.55,453.7
Sierra Leone,2010,38.83,13.2,458.7
Sierra Leone,2009,37.22,12.87,442.1
Sierra Leone,2008,35.61,12.53,413.8
Sierra Leone,2007,34.01,12.2,379.9
Sierra Leone,2006,32.41,11.87,374.6
Sierra Leone,2005,30.81,11.55,388.3
Sierra Leone,2004,29.21,11.23,414.0
Sierra Leone,2003,27.61,10.93,439.8
Sierra Leone,2002,26.02,10.68,458.0
Sierra Leone,2001,24.43,10.43,468.8
Sierra Leone,2000,24.41,10.18,465.8
Solomon Islands,2017,60.6,33.53,164.3
Solomon Islands,2016,61.8,32.75,137.7
Solomon Islands,2015,63.01,31.84,66.85
Solomon Islands,2014,64.23,30.83,52.63
Solomon Islands,2013,65.45,29.83,94.92
Solomon Islands,2012,66.67,28.83,94.86
Solomon Islands,2011,67.9,27.85,116.9
Solomon Islands,2010,69.14,26.87,174.9
Solomon Islands,2009,70.38,25.9,147.6
Solomon Islands,2008,71.63,24.94,185.9
Solomon Islands,2007,72.89,23.99,319.1
Solomon Islands,2006,74.15,23.06,591.3
Solomon Islands,2005,75.41,22.13,613.8
Solomon Islands,2004,76.47,21.22,743.5
Solomon Islands,2003,76.47,21.02,540.0
Solomon Islands,2002,76.47,20.82,649.8
Solomon Islands,2001,76.47,20.63,681.3
Solomon Islands,2000,76.47,20.44,623.2
Somalia,2017,28.11,38.34,37.13
Somalia,2016,27.36,37.01,37.26
Somalia,2015,26.53,35.7,37.27
Somalia,2014,25.63,34.41,32.1
Somalia,2013,24.64,33.15,28.05
Somalia,2012,23.57,31.92,24.45
Somalia,2011,22.42,30.71,24.35
Somalia,2010,21.2,29.07,29.59
Somalia,2009,19.89,27.47,38.44
Somalia,2008,18.51,25.91,63.1
Somalia,2007,17.05,24.39,100.6
Somalia,2006,15.51,24.57,120.1
Somalia,2005,13.88,23.41,136.6
Somalia,2004,12.18,22.29,120.0
Somalia,2003,10.2,21.55,121.0
Somalia,2002,23.75,20.82,126.2
Somalia,2001,21.68,20.24,126.0
Somalia,2000,19.6,19.67,125.6
South Africa,2017,80.68,75.75,3.95
South Africa,2016,79.82,74.82,0.77
South Africa,2015,78.97,73.89,0.21
South Africa,2014,78.12,72.95,2.15
South Africa,2013,77.27,72.0,1.61
South Africa,2012,76.42,71.03,1.25
South Africa,2011,75.56,70.06,1.9
South Africa,2010,74.71,69.08,1.57
South Africa,2009,73.86,68.08,1.2
South Africa,2008,73.01,67.08,1.57
South Africa,2007,72.16,66.07,1.29
South Africa,2006,71.3,65.05,2.49
South Africa,2005,70.45,64.02,1.62
South Africa,2004,69.6,62.98,2.83
South Africa,2003,68.75,61.94,2.88
South Africa,2002,67.9,60.89,3.39
South Africa,2001,67.04,59.83,5.82
South Africa,2000,66.19,58.78,4.23
South Sudan,2017,34.88,11.32,245.8
South Sudan,2016,35.67,10.44,244.6
South Sudan,2015,36.4,9.6,240.4
South Sudan,2014,37.07,8.8,236.1
South Sudan,2013,37.67,8.04,234.4
South Sudan,2012,38.21,7.31,232.7
South Sudan,2011,38.68,6.63,235.9
Sri Lanka,2017,87.72,95.78,0.0
Sri Lanka,2016,87.04,95.11,0.0
Sri Lanka,2015,86.36,94.43,0.0
Sri Lanka,2014,85.68,93.75,0.0
Sri Lanka,2013,84.99,93.07,0.0
Sri Lanka,2012,84.31,92.39,0.005
Sri Lanka,2011,83.62,91.71,0.026
Sri Lanka,2010,82.94,91.02,0.15
Sri Lanka,2009,82.25,90.34,0.11
Sri Lanka,2008,81.56,89.65,0.14
Sri Lanka,2007,80.88,89.02,0.043
Sri Lanka,2006,80.19,88.4,0.13
Sri Lanka,2005,79.5,87.77,0.36
Sri Lanka,2004,78.81,87.14,0.83
Sri Lanka,2003,78.11,86.52,2.38
Sri Lanka,2002,77.42,85.89,9.45
Sri Lanka,2001,76.73,85.26,15.29
Sri Lanka,2000,75.99,84.64,48.63
Sudan,2017,53.2,36.58,46.75
Sudan,2016,53.2,36.49,41.73
Sudan,2015,51.71,35.07,35.88
Sudan,2014,50.22,33.67,33.38
Sudan,2013,48.72,32.29,31.45
Sudan,2012,47.23,30.92,30.16
Sudan,2011,45.74,29.57,29.97
Sudan (until 2011),2010,44.25,28.24,30.66
Sudan (until 2011),2009,42.76,26.92,32.29
Sudan (until 2011),2008,41.27,25.62,35.05
Sudan (until 2011),2007,39.77,24.33,41.08
Sudan (until 2011),2006,38.28,23.05,46.69
Sudan (until 2011),2005,36.79,21.85,49.59
Sudan (until 2011),2004,35.3,20.65,52.43
Sudan (until 2011),2003,35.3,20.64,58.1
Sudan (until 2011),2002,35.3,20.62,63.33
Sudan (until 2011),2001,35.3,20.61,83.81
Sudan (until 2011),2000,35.3,20.59,89.05
Suriname,2017,90.0,84.46,0.47
Suriname,2016,87.46,84.14,0.91
Suriname,2015,87.35,83.83,0.98
Suriname,2014,86.85,83.52,4.91
Suriname,2013,85.8,83.21,9.02
Suriname,2012,84.75,82.91,6.93
Suriname,2011,83.84,82.6,9.75
Suriname,2010,82.92,82.3,23.33
Suriname,2009,82.0,82.0,30.8
Suriname,2008,81.08,81.71,35.47
Suriname,2007,80.15,81.41,23.06
Suriname,2006,79.22,81.11,44.07
Suriname,2005,78.29,80.82,123.8
Suriname,2004,77.35,80.52,114.9
Suriname,2003,76.41,80.19,152.4
Suriname,2002,75.47,79.86,180.2
Suriname,2001,74.52,79.53,227.4
Suriname,2000,73.57,79.19,163.3
Syrian Arab Republic,2017,95.17,91.22,0.0
Syrian Arab Republic,2016,94.87,91.4,0.0
Syrian Arab Republic,2015,94.57,91.56,0.0
Syrian Arab Republic,2014,94.27,91.72,0.0
Syrian Arab Republic,2013,93.98,91.91,0.0
Syrian Arab Republic,2012,93.68,92.12,0.0
Syrian Arab Republic,2011,93.38,92.32,0.0
Syrian Arab Republic,2010,93.08,92.52,0.0
Syrian Arab Republic,2009,92.79,92.67,0.0
Syrian Arab Republic,2008,92.49,92.82,0.0
Syrian Arab Republic,2007,92.19,92.96,0.0
Syrian Arab Republic,2006,91.89,93.1,0.0
Syrian Arab Republic,2005,91.6,93.23,0.0
Syrian Arab Republic,2004,91.3,93.36,0.0001
Syrian Arab Republic,2003,91.0,93.17,0.0001
Syrian Arab Republic,2002,90.7,92.98,0.0009
Syrian Arab Republic,2001,90.41,92.78,0.004
Syrian Arab Republic,2000,90.11,92.58,0.0004
Tajikistan,2017,75.64,97.02,0.0
Tajikistan,2016,73.66,96.58,0.0
Tajikistan,2015,71.69,96.13,0.0
Tajikistan,2014,69.73,95.68,0.0007
Tajikistan,2013,67.78,95.23,0.001
Tajikistan,2012,65.84,94.78,0.007
Tajikistan,2011,63.91,94.33,0.025
Tajikistan,2010,62.0,93.88,0.044
Tajikistan,2009,60.1,93.44,0.067
Tajikistan,2008,58.2,92.99,0.13
Tajikistan,2007,56.32,92.54,0.27
Tajikistan,2006,54.45,92.1,0.58
Tajikistan,2005,52.59,91.66,1.02
Tajikistan,2004,50.75,91.21,1.61
Tajikistan,2003,48.91,90.77,2.48
Tajikistan,2002,47.09,90.4,2.87
Tajikistan,2001,45.27,90.04,5.4
Tajikistan,2000,43.47,89.67,9.18
Thailand,2017,100.0,98.75,0.95
Thailand,2016,99.03,98.4,1.03
Thailand,2015,99.02,97.96,1.34
Thailand,2014,98.66,97.54,2.92
Thailand,2013,98.15,97.13,2.58
Thailand,2012,97.65,96.69,2.53
Thailand,2011,97.14,96.26,1.94
Thailand,2010,96.64,95.83,2.55
Thailand,2009,96.13,95.42,2.81
Thailand,2008,95.63,95.01,2.45
Thailand,2007,95.13,94.61,2.64
Thailand,2006,94.62,94.22,2.43
Thailand,2005,94.12,93.84,2.4
Thailand,2004,93.61,93.46,2.16
Thailand,2003,93.13,93.09,3.05
Thailand,2002,92.64,92.73,3.66
Thailand,2001,92.15,92.37,5.27
Thailand,2000,91.66,92.02,6.58
Timor-Leste,2017,69.69,53.52,0.032
Timor-Leste,2016,67.49,52.42,0.11
Timor-Leste,2015,65.32,51.32,0.12
Timor-Leste,2014,63.18,50.22,0.51
Timor-Leste,2013,61.07,49.13,1.56
Timor-Leste,2012,59.0,48.03,7.26
Timor-Leste,2011,56.96,46.93,31.27
Timor-Leste,2010,54.95,45.84,99.74
Timor-Leste,2009,52.97,44.75,102.1
Timor-Leste,2008,51.03,43.65,135.2
Timor-Leste,2007,49.74,42.56,115.2
Timor-Leste,2006,48.46,41.48,126.8
Timor-Leste,2005,47.17,40.39,120.8
Timor-Leste,2004,45.88,39.32,181.3
Timor-Leste,2003,44.6,38.24,51.9
Timor-Leste,2002,43.31,37.17,84.79
Togo,2017,48.39,16.13,278.2
Togo,2016,47.29,15.71,324.9
Togo,2015,46.19,15.3,364.3
Togo,2014,45.09,14.89,384.7
Togo,2013,43.99,14.48,385.4
Togo,2012,42.89,14.08,349.7
Togo,2011,41.79,13.68,313.4
Togo,2010,40.69,13.29,308.9
Togo,2009,39.58,12.91,326.9
Togo,2008,38.48,12.53,379.9
Togo,2007,37.37,12.16,434.5
Togo,2006,36.26,11.79,460.1
Togo,2005,35.16,11.43,470.4
Togo,2004,34.05,11.08,466.2
Togo,2003,32.94,10.8,451.1
Togo,2002,31.83,10.53,440.3
Togo,2001,30.71,10.25,439.9
Togo,2000,29.6,9.99,442.0
Turkey,2017,98.62,97.3,0.0
Turkey,2016,98.62,97.25,0.0
Turkey,2015,98.63,97.19,0.0
Turkey,2014,98.65,96.65,0.0
Turkey,2013,98.22,95.57,0.0
Turkey,2012,97.48,94.48,0.0
Turkey,2011,96.73,93.38,0.0
Turkey,2010,95.99,92.28,0.0
Turkey,2009,95.25,91.17,0.008
Turkey,2008,94.51,90.05,0.036
Turkey,2007,93.76,88.93,0.069
Turkey,2006,93.02,87.8,0.18
Turkey,2005,92.28,86.67,0.47
Turkey,2004,91.53,85.53,1.22
Turkey,2003,90.79,84.38,2.15
Turkey,2002,90.05,83.23,2.41
Turkey,2001,89.3,82.06,2.59
Turkey,2000,89.3,81.95,2.78
Turkmenistan,2017,100.0,98.7,0.0
Turkmenistan,2016,97.72,98.27,0.0
Turkmenistan,2015,97.01,97.85,0.0
Turkmenistan,2014,95.87,97.41,0.0
Turkmenistan,2013,94.74,96.98,0.0
Turkmenistan,2012,93.6,96.54,0.0
Turkmenistan,2011,92.46,96.11,0.0
Turkmenistan,2010,91.31,95.68,0.0
Turkmenistan,2009,90.16,95.25,0.0
Turkmenistan,2008,89.0,94.83,0.0
Turkmenistan,2007,87.84,94.41,0.0
Turkmenistan,2006,86.68,93.99,0.0002
Turkmenistan,2005,85.51,93.57,0.0002
Turkmenistan,2004,84.34,93.15,0.0006
Turkmenistan,2003,83.05,93.06,0.002
Turkmenistan,2002,81.75,92.98,0.004
Turkmenistan,2001,80.45,92.89,0.002
Turkmenistan,2000,79.15,92.81,0.005
Uganda,2017,41.25,18.47,336.8
Uganda,2016,39.72,18.45,304.4
Uganda,2015,38.23,18.42,236.1
Uganda,2014,36.76,18.39,220.6
Uganda,2013,35.32,18.36,254.2
Uganda,2012,33.9,18.31,331.8
Uganda,2011,32.52,18.26,385.7
Uganda,2010,31.17,18.21,417.3
Uganda,2009,29.84,18.15,433.8
Uganda,2008,28.54,18.09,410.5
Uganda,2007,27.27,18.02,377.9
Uganda,2006,26.03,17.95,377.7
Uganda,2005,24.82,17.87,405.4
Uganda,2004,23.63,17.78,457.2
Uganda,2003,22.48,17.69,492.1
Uganda,2002,21.35,17.6,508.4
Uganda,2001,20.25,17.49,516.3
Uganda,2000,19.18,17.39,495.3
United Arab Emirates,2017,98.05,98.59,0.0
United Arab Emirates,2016,97.41,98.58,0.0
United Arab Emirates,2015,96.77,98.58,0.0
United Arab Emirates,2014,96.13,98.57,0.0
United Arab Emirates,2013,95.89,98.57,0.0
United Arab Emirates,2012,95.87,98.57,0.0
United Arab Emirates,2011,95.85,98.56,0.0
United Arab Emirates,2010,95.83,98.56,0.0
United Arab Emirates,2009,95.82,98.55,0.0
United Arab Emirates,2008,95.8,98.55,0.0
United Arab Emirates,2007,95.78,98.54,0.0
United Arab Emirates,2006,95.76,98.54,0.0
United Arab Emirates,2005,95.75,98.54,0.0
United Arab Emirates,2004,95.73,98.53,0.0
United Arab Emirates,2003,95.71,98.53,0.0
United Arab Emirates,2002,95.7,98.52,0.0
United Arab Emirates,2001,95.68,98.52,0.0
United Arab Emirates,2000,95.68,98.52,0.0
United Republic of Tanzania,2017,42.5,29.91,124.0
United Republic of Tanzania,2016,40.81,28.39,123.6
United Republic of Tanzania,2015,39.14,26.87,121.7
United Republic of Tanzania,2014,37.48,25.35,118.9
United Republic of Tanzania,2013,35.84,23.83,111.8
United Republic of Tanzania,2012,34.22,22.32,116.2
United Republic of Tanzania,2011,32.62,20.81,132.5
United Republic of Tanzania,2010,31.03,19.3,145.5
United Republic of Tanzania,2009,29.46,17.79,157.1
United Republic of Tanzania,2008,27.91,16.29,171.0
United Republic of Tanzania,2007,26.37,14.78,184.5
United Republic of Tanzania,2006,24.86,13.28,205.8
United Republic of Tanzania,2005,23.36,11.79,228.9
United Republic of Tanzania,2004,21.87,10.29,252.1
United Republic of Tanzania,2003,20.41,8.79,277.2
United Republic of Tanzania,2002,19.09,7.28,301.1
United Republic of Tanzania,2001,17.76,5.8,331.2
United Republic of Tanzania,2000,16.44,4.32,342.7
Uzbekistan,2017,96.07,100.0,0.0
Uzbekistan,2016,95.86,100.0,0.0
Uzbekistan,2015,95.64,100.0,0.0
Uzbekistan,2014,95.43,100.0,0.0
Uzbekistan,2013,95.04,99.97,0.0
Uzbekistan,2012,94.5,99.6,0.0
Uzbekistan,2011,93.96,99.06,0.0
Uzbekistan,2010,93.42,98.52,0.002
Uzbekistan,2009,92.89,97.97,0.0
Uzbekistan,2008,92.35,97.41,0.004
Uzbekistan,2007,90.27,96.84,0.016
Uzbekistan,2006,88.15,96.27,0.039
Uzbekistan,2005,86.06,95.69,0.055
Uzbekistan,2004,83.98,95.1,0.036
Uzbekistan,2003,81.92,94.5,0.041
Uzbekistan,2002,79.88,93.9,0.042
Uzbekistan,2001,77.86,93.29,0.044
Uzbekistan,2000,75.86,92.68,0.073
Vanuatu,2017,88.49,34.07,7.94
Vanuatu,2016,87.79,36.09,15.01
Vanuatu,2015,86.98,38.13,2.9
Vanuatu,2014,86.16,40.19,9.2
Vanuatu,2013,85.34,42.28,20.75
Vanuatu,2012,84.53,44.38,33.64
Vanuatu,2011,83.71,46.51,47.93
Vanuatu,2010,82.89,48.65,66.33
Vanuatu,2009,82.08,50.81,64.66
Vanuatu,2008,81.26,52.98,119.1
Vanuatu,2007,80.44,55.17,124.4
Vanuatu,2006,79.63,57.39,107.0
Vanuatu,2005,78.81,59.63,122.4
Vanuatu,2004,77.99,61.9,162.2
Vanuatu,2003,77.99,61.88,214.6
Vanuatu,2002,77.99,61.86,189.0
Vanuatu,2001,77.99,61.84,98.84
Vanuatu,2000,77.99,61.82,125.3
Venezuela (Bolivarian Republic of),2017,95.72,93.94,32.63
Venezuela (Bolivarian Republic of),2016,95.78,93.94,18.79
Venezuela (Bolivarian Republic of),2015,95.83,93.94,10.57
Venezuela (Bolivarian Republic of),2014,95.89,93.94,7.04
Venezuela (Bolivarian Republic of),2013,95.94,93.94,6.17
Venezuela (Bolivarian Republic of),2012,96.0,93.94,4.21
Venezuela (Bolivarian Republic of),2011,96.05,93.94,3.71
Venezuela (Bolivarian Republic of),2010,96.11,93.94,4.07
Venezuela (Bolivarian Republic of),2009,96.16,93.94,2.99
Venezuela (Bolivarian Republic of),2008,96.22,93.59,2.71
Venezuela (Bolivarian Republic of),2007,96.27,93.24,3.59
Venezuela (Bolivarian Republic of),2006,96.32,92.89,3.25
Venezuela (Bolivarian Republic of),2005,96.38,92.54,4.01
Viet Nam,2017,92.64,83.52,0.079
Viet Nam,2016,91.68,81.86,0.073
Viet Nam,2015,90.73,80.08,0.17
Viet Nam,2014,89.78,78.29,0.28
Viet Nam,2013,88.29,76.49,0.31
Viet Nam,2012,87.3,74.68,0.36
Viet Nam,2011,86.32,72.85,0.31
Viet Nam,2010,85.33,71.02,0.35
Viet Nam,2009,84.35,69.17,0.36
Viet Nam,2008,83.37,67.31,0.28
Viet Nam,2007,82.39,65.45,0.45
Viet Nam,2006,81.4,63.57,0.7
Viet Nam,2005,80.43,61.69,0.66
Viet Nam,2004,79.45,59.79,0.92
Viet Nam,2003,78.47,57.95,1.59
Viet Nam,2002,77.49,56.1,2.19
Viet Nam,2001,76.51,54.24,3.11
Viet Nam,2000,75.54,52.37,3.42
Yemen,2017,54.7,59.05,41.64
Yemen,2016,54.7,58.77,37.75
Yemen,2015,54.7,58.5,24.9
Yemen,2014,52.47,57.41,29.13
Yemen,2013,50.23,56.31,35.76
Yemen,2012,48.0,55.19,45.09
Yemen,2011,45.76,54.06,42.73
Yemen,2010,43.53,52.9,62.76
Yemen,2009,41.29,51.73,40.02
Yemen,2008,39.05,50.54,31.66
Yemen,2007,36.82,49.33,51.42
Yemen,2006,34.58,48.11,38.25
Yemen,2005,32.35,46.87,32.84
Yemen,2004,30.11,45.61,32.22
Yemen,2003,27.88,44.17,41.22
Yemen,2002,25.64,42.72,46.67
Yemen,2001,25.64,42.41,48.6
Yemen,2000,25.64,42.1,47.47
Zambia,2017,41.95,26.37,160.0
Zambia,2016,41.18,26.09,181.4
Zambia,2015,40.59,25.98,202.5
Zambia,2014,39.99,25.86,223.0
Zambia,2013,39.39,25.74,225.8
Zambia,2012,38.78,25.61,203.1
Zambia,2011,38.16,25.48,186.7
Zambia,2010,37.54,25.33,177.0
Zambia,2009,36.91,25.19,172.0
Zambia,2008,36.27,25.03,176.7
Zambia,2007,35.63,24.87,195.7
Zambia,2006,34.97,24.7,222.5
Zambia,2005,34.31,24.53,255.9
Zambia,2004,33.64,24.35,299.3
Zambia,2003,32.97,24.16,339.0
Zambia,2002,32.29,23.97,363.8
Zambia,2001,31.6,23.77,391.1
Zambia,2000,30.9,23.66,385.7
Zimbabwe,2017,49.8,36.22,108.6
Zimbabwe,2016,50.42,36.89,65.78
Zimbabwe,2015,51.03,37.57,97.65
Zimbabwe,2014,51.65,38.25,101.9
Zimbabwe,2013,52.27,38.94,81.95
Zimbabwe,2012,52.89,39.64,57.22
Zimbabwe,2011,53.51,40.35,70.68
Zimbabwe,2010,54.14,41.05,109.4
Zimbabwe,2009,54.77,41.77,90.5
Zimbabwe,2008,55.4,42.48,74.73
Zimbabwe,2007,56.03,43.2,175.1
Zimbabwe,2006,56.67,43.92,117.5
Zimbabwe,2005,57.3,44.65,119.1
Zimbabwe,2004,57.94,45.37,120.2
Zimbabwe,2003,58.59,46.11,120.9
Zimbabwe,2002,59.23,46.15,121.5
Zimbabwe,2001,59.88,46.05,122.1
Zimbabwe,2000,59.88,45.93,123.0
